group_index,hnu_center_eV,hnu_low_eV,hnu_high_eV
0,0.0100937661133,0.01,0.010188411435
1,0.0102839442091,0.010188411435,0.0103803727569
2,0.0104777054777,0.0103803727569,0.0105759508496
3,0.0106751174301,0.0105759508496,0.0107752138571
4,0.0108762488495,0.0107752138571,0.0109782312077
5,0.0110811698148,0.0109782312077,0.0111850736372
6,0.0112899517254,0.0111850736372,0.0113958132147
7,0.011502667326,0.0113958132147,0.0116105233667
8,0.0117193907317,0.0116105233667,0.0118292789036
9,0.0119401974542,0.0118292789036,0.0120521560449
10,0.0121651644278,0.0120521560449,0.0122792324464
11,0.0123943700365,0.0122792324464,0.012510587227
12,0.0126278941409,0.012510587227,0.0127463009962
13,0.0128658181065,0.0127463009962,0.0129864558824
14,0.0131082248317,0.0129864558824,0.0132311355612
15,0.0133551987768,0.0132311355612,0.0134804252849
16,0.0136068259934,0.0134804252849,0.0137344119122
17,0.0138631941545,0.0137344119122,0.0139931839379
18,0.0141243925849,0.0139931839379,0.0142568315245
19,0.0143905122925,0.0142568315245,0.0145254465331
20,0.0146616459996,0.0145254465331,0.0147991225556
21,0.0149378881758,0.0147991225556,0.0150779549473
22,0.0152193350705,0.0150779549473,0.0153620408601
23,0.0155060847465,0.0153620408601,0.0156514792764
24,0.0157982371143,0.0156514792764,0.0159463710435
25,0.0160958939668,0.0159463710435,0.0162468189086
26,0.0163991590148,0.0162468189086,0.016552927555
27,0.0167081379231,0.016552927555,0.0168648036384
28,0.0170229383473,0.0168648036384,0.0171825558239
29,0.0173436699715,0.0171825558239,0.0175062948238
30,0.0176704445462,0.0175062948238,0.0178361334367
31,0.0180033759276,0.0178361334367,0.0181721865863
32,0.0183425801169,0.0181721865863,0.0185145713615
33,0.018688175301,0.0185145713615,0.0188634070573
34,0.0190402818936,0.0188634070573,0.0192188152166
35,0.0193990225771,0.0192188152166,0.0195809196719
36,0.0197645223452,0.0195809196719,0.0199498465893
37,0.0201369085469,0.0199498465893,0.0203257245117
38,0.0205163109304,0.0203257245117,0.0207086844039
39,0.0209028616887,0.0207086844039,0.0210988596985
40,0.0212966955054,0.0210988596985,0.0214963863417
41,0.0216979496014,0.0214963863417,0.0219014028415
42,0.0221067637835,0.0219014028415,0.0223140503153
43,0.0225232804923,0.0223140503153,0.0227344725393
44,0.0229476448521,0.0227344725393,0.0231628159988
45,0.0233800047217,0.0231628159988,0.0235992299389
46,0.0238205107457,0.0235992299389,0.0240438664166
47,0.0242693164069,0.0240438664166,0.0244968803541
48,0.0247265780799,0.0244968803541,0.0249584295921
49,0.0251924550858,0.0249584295921,0.0254286749455
50,0.0256671097471,0.0254286749455,0.0259077802592
51,0.0261507074451,0.0259077802592,0.0263959124648
52,0.0266434166767,0.0263959124648,0.0268932416393
53,0.0271454091136,0.0268932416393,0.0273999410642
54,0.027656859662,0.0273999410642,0.0279161872857
55,0.0281779465237,0.0279161872857,0.0284421601763
56,0.0287088512576,0.0284421601763,0.0289780429976
57,0.0292497588439,0.0289780429976,0.029524022464
58,0.0298008577476,0.029524022464,0.0300802888079
59,0.0303623399848,0.0300802888079,0.0306470358459
60,0.0309344011894,0.0306470358459,0.0312244610461
61,0.0315172406813,0.0312244610461,0.0318127655973
62,0.0321110615356,0.0318127655973,0.032412154479
63,0.0327160706539,0.032412154479,0.0330228365327
64,0.0333324788359,0.0330228365327,0.0336450245346
65,0.0339605008528,0.0336450245346,0.0342789352698
66,0.0346003555227,0.0342789352698,0.0349247896083
67,0.0352522657862,0.0349247896083,0.035582812581
68,0.0359164587845,0.035582812581,0.0362532334589
69,0.0365931659385,0.0362532334589,0.0369362858328
70,0.037282623029,0.0369362858328,0.0376322076945
71,0.0379850702795,0.0376322076945,0.0383412415199
72,0.0387007524395,0.0383412415199,0.0390636343533
73,0.0394299188697,0.0390636343533,0.0397996378937
74,0.0401728236293,0.0397996378937,0.0405495085825
75,0.0409297255641,0.0405495085825,0.0413135076925
76,0.0417008883968,0.0413135076925,0.0420919014194
77,0.0424865808191,0.0420919014194,0.0428849609742
78,0.0432870765851,0.0428849609742,0.0436929626779
79,0.0441026546067,0.0436929626779,0.0445161880576
80,0.0449335990509,0.0445161880576,0.0453549239448
81,0.0457801994385,0.0453549239448,0.0462094625753
82,0.0466427507456,0.0462094625753,0.0470801016907
83,0.0475215535056,0.0470801016907,0.0479671446426
84,0.0484169139145,0.0479671446426,0.048870900498
85,0.0493291439373,0.048870900498,0.0497916841472
86,0.0502585614169,0.0497916841472,0.0507298164133
87,0.0512054901846,0.0507298164133,0.051685624164
88,0.0521702601732,0.051685624164,0.0526594404258
89,0.0531532075315,0.0526594404258,0.0536516044994
90,0.054154674742,0.0536516044994,0.0546624620787
91,0.05517501074,0.0546624620787,0.0556923653708
92,0.0562145710349,0.0556923653708,0.0567416732185
93,0.0572737178345,0.0567416732185,0.057810751226
94,0.058352820171,0.057810751226,0.0588999718857
95,0.0594522540294,0.0588999718857,0.0600097147081
96,0.0605724024789,0.0600097147081,0.0611403663542
97,0.0617136558061,0.0611403663542,0.0622923207703
98,0.062876411651,0.0622923207703,0.0634659793248
99,0.0640610751456,0.0634659793248,0.0646617509486
100,0.0652680590551,0.0646617509486,0.0658800522771
101,0.0664977839217,0.0658800522771,0.0671213077958
102,0.067750678211,0.0671213077958,0.0683859499879
103,0.0690271784613,0.0683859499879,0.0696744194849
104,0.070327729436,0.0696744194849,0.0709871652206
105,0.0716527842783,0.0709871652206,0.0723246445872
106,0.073002804669,0.0723246445872,0.0736873235944
107,0.0743782609876,0.0736873235944,0.0750756770323
108,0.0757796324761,0.0750756770323,0.0764901886365
109,0.0772074074059,0.0764901886365,0.0779313512569
110,0.078662083248,0.0779313512569,0.079399667029
111,0.0801441668464,0.079399667029,0.0808956475493
112,0.0816541745946,0.0808956475493,0.0824198140532
113,0.0831926326155,0.0824198140532,0.083972697597
114,0.0847600769446,0.083972697597,0.0855548392424
115,0.0863570537174,0.0855548392424,0.0871667902456
116,0.0879841193586,0.0871667902456,0.088809112249
117,0.0896418407771,0.088809112249,0.0904823774769
118,0.0913307955627,0.0904823774769,0.0921871689351
119,0.0930515721878,0.0921871689351,0.0939240806138
120,0.0948047702122,0.0939240806138,0.0956937176947
121,0.0965910004922,0.0956937176947,0.0974966967617
122,0.0984108853932,0.0974966967617,0.0993336460161
123,0.100265059007,0.0993336460161,0.101205205495
124,0.102154167371,0.101205205495,0.103112027295
125,0.104078868698,0.103112027295,0.105054775797
126,0.106039833598,0.105054775797,0.107034127903
127,0.10803774532,0.107034127903,0.109050773267
128,0.110073299983,0.109050773267,0.111105414534
129,0.112147206823,0.111105414534,0.113198767593
130,0.11426018844,0.113198767593,0.115331561817
131,0.116412981046,0.115331561817,0.117504540323
132,0.118606334728,0.117504540323,0.119718460229
133,0.1208410137,0.119718460229,0.121974092918
134,0.12311779658,0.121974092918,0.124272224306
135,0.125437476652,0.124272224306,0.126613655117
136,0.12780086215,0.126613655117,0.128999201162
137,0.130208776533,0.128999201162,0.131429693623
138,0.132662058777,0.131429693623,0.13390597934
139,0.135161563663,0.13390597934,0.136428921112
140,0.13770816208,0.136428921112,0.138999397992
141,0.140302741322,0.138999397992,0.141618305596
142,0.142946205405,0.141618305596,0.144286556414
143,0.145639475374,0.144286556414,0.147005080128
144,0.148383489628,0.147005080128,0.149774823938
145,0.151179204249,0.149774823938,0.152596752889
146,0.154027593331,0.152596752889,0.155471850207
147,0.156929649319,0.155471850207,0.158401117647
148,0.159886383362,0.158401117647,0.161385575835
149,0.162898825654,0.161385575835,0.164426264628
150,0.165968025804,0.164426264628,0.167524243475
151,0.169095053194,0.167524243475,0.170680591786
152,0.172280997357,0.170680591786,0.173896409308
153,0.17552696835,0.173896409308,0.17717281651
154,0.178834097149,0.17717281651,0.18051095497
155,0.182203536036,0.18051095497,0.183911987776
156,0.185636459004,0.183911987776,0.187377099929
157,0.189134062167,0.187377099929,0.190907498757
158,0.192697564173,0.190907498757,0.194504414336
159,0.196328206631,0.194504414336,0.198169099918
160,0.200027254545,0.198169099918,0.201902832367
161,0.203795996752,0.201902832367,0.205706912604
162,0.207635746371,0.205706912604,0.209582666063
163,0.211547841264,0.209582666063,0.213531443149
164,0.215533644498,0.213531443149,0.217554619711
165,0.219594544823,0.217554619711,0.22165359752
166,0.223731957154,0.22165359752,0.225829804758
167,0.227947323064,0.225829804758,0.230084696516
168,0.232242111288,0.230084696516,0.2344197553
169,0.236617818233,0.2344197553,0.238836491549
170,0.241075968501,0.238836491549,0.243336444159
171,0.245618115418,0.243336444159,0.247921181022
172,0.250245841577,0.247921181022,0.25259229957
173,0.254960759388,0.25259229957,0.257351427333
174,0.259764511642,0.257351427333,0.262200222505
175,0.264658772082,0.262200222505,0.267140374523
176,0.269645245985,0.267140374523,0.272173604653
177,0.274725670759,0.272173604653,0.277301666595
178,0.279901816544,0.277301666595,0.282526347088
179,0.285175486835,0.282526347088,0.287849466536
180,0.290548519105,0.287849466536,0.293272879641
181,0.296022785447,0.293272879641,0.298798476051
182,0.301600193227,0.298798476051,0.304428181016
183,0.307282685747,0.304428181016,0.310163956059
184,0.313072242924,0.310163956059,0.316007799664
185,0.318970881978,0.316007799664,0.321961747964
186,0.324980658138,0.321961747964,0.328027875459
187,0.331103665352,0.328027875459,0.334208295732
188,0.337342037024,0.334208295732,0.34050516219
189,0.343697946752,0.34050516219,0.346920668813
190,0.350173609087,0.346920668813,0.353457050917
191,0.356771280305,0.353457050917,0.360116585934
192,0.363493259194,0.360116585934,0.366901594206
193,0.370341887852,0.366901594206,0.373814439793
194,0.377319552504,0.373814439793,0.380857531295
195,0.384428684338,0.380857531295,0.388033322695
196,0.391671760345,0.388033322695,0.39534431421
197,0.399051304186,0.39534431421,0.402793053166
198,0.406569887072,0.402793053166,0.410382134881
199,0.414230128657,0.410382134881,0.418114203574
200,0.422034697952,0.418114203574,0.425991953283
201,0.429986314258,0.425991953283,0.434018128804
202,0.438087748108,0.434018128804,0.44219552665
203,0.446341822235,0.44219552665,0.450526996022
204,0.454751412557,0.450526996022,0.459015439804
205,0.463319449178,0.459015439804,0.467663815574
206,0.472048917406,0.467663815574,0.476475136633
207,0.480942858797,0.476475136633,0.485452473056
208,0.490004372215,0.485452473056,0.494598952763
209,0.499236614907,0.494598952763,0.503917762606
210,0.508642803608,0.503917762606,0.513412149483
211,0.518226215661,0.513412149483,0.523085421466
212,0.527990190155,0.523085421466,0.532940948954
213,0.537938129094,0.532940948954,0.54298216585
214,0.548073498578,0.54298216585,0.553212570754
215,0.558399830013,0.553212570754,0.563635728185
216,0.56892072134,0.563635728185,0.574255269821
217,0.57963983829,0.574255269821,0.585074895765
218,0.590560915661,0.585074895765,0.596098375834
219,0.601687758618,0.596098375834,0.607329550873
220,0.61302424402,0.607329550873,0.618772334092
221,0.62457432177,0.618772334092,0.630430712432
222,0.636342016193,0.630430712432,0.642308747951
223,0.648331427434,0.642308747951,0.654410579242
224,0.660546732893,0.654410579242,0.666740422873
225,0.672992188676,0.666740422873,0.679302574857
226,0.685672131076,0.679302574857,0.692101412149
227,0.698590978091,0.692101412149,0.705141394171
228,0.711753230957,0.705141394171,0.718427064366
229,0.725163475717,0.718427064366,0.731963051779
230,0.738826384824,0.731963051779,0.745754072674
231,0.752746718761,0.745754072674,0.759804932172
232,0.766929327708,0.759804932172,0.774120525931
233,0.781379153225,0.774120525931,0.788705841846
234,0.796101229978,0.788705841846,0.80356596179
235,0.811100687492,0.80356596179,0.818706063388
236,0.826382751937,0.818706063388,0.834131421812
237,0.841952747952,0.834131421812,0.849847411627
238,0.857816100495,0.849847411627,0.865859508662
239,0.873978336741,0.865859508662,0.882173291915
240,0.890445087998,0.882173291915,0.898794445499
241,0.907222091679,0.898794445499,0.915728760623
242,0.924315193294,0.915728760623,0.932982137608
243,0.94173034849,0.932982137608,0.950560587945
244,0.959473625123,0.950560587945,0.968470236387
245,0.977551205378,0.968470236387,0.986717323085
246,0.995969387916,0.986717323085,1.00530820576
247,1.01473459007,1.00530820576,1.02424936193
248,1.0338533501,1.02424936193,1.04354739114
249,1.05333232943,1.04354739114,1.06320901728
250,1.073178315,1.06320901728,1.08324109094
251,1.09339822163,1.08324109094,1.10365059178
252,1.11399909443,1.10365059178,1.12444463096
253,1.13498811122,1.12444463096,1.1456304536
254,1.15637258509,1.1456304536,1.16721544138
255,1.17815996691,1.16721544138,1.189207115
256,1.20035784791,1.189207115,1.21161313691
257,1.22297396237,1.21161313691,1.23444131388
258,1.24601619029,1.23444131388,1.25769959982
259,1.26949256014,1.25769959982,1.28139609846
260,1.29341125163,1.28139609846,1.30553906623
261,1.31778059863,1.30553906623,1.33013691512
262,1.34260909199,1.33013691512,1.35519821561
263,1.36790538255,1.35519821561,1.38073169966
264,1.39367828416,1.38073169966,1.40674626375
265,1.4199367767,1.40674626375,1.43325097197
266,1.44669000927,1.43325097197,1.4602550592
267,1.47394730334,1.4602550592,1.48776793432
268,1.50171815599,1.48776793432,1.51579918346
269,1.53001224326,1.51579918346,1.5443585734
270,1.55883942349,1.5443585734,1.57345605489
271,1.58820974076,1.57345605489,1.60310176621
272,1.6181334284,1.60310176621,1.63330603663
273,1.64862091252,1.63330603663,1.66407939005
274,1.67968281571,1.66407939005,1.69543254863
275,1.71132996067,1.69543254863,1.72737643657
276,1.74357337404,1.72737643657,1.75992218389
277,1.77642429018,1.75992218389,1.7930811303
278,1.80989415514,1.7930811303,1.82686482918
279,1.84399463064,1.82686482918,1.86128505158
280,1.87873759809,1.86128505158,1.89635379033
281,1.91413516277,1.89635379033,1.93208326422
282,1.95019965805,1.93208326422,1.96848592226
283,1.98694364966,1.96848592226,2.00557444799
284,2.02437994009,2.00557444799,2.04336176397
285,2.06252157303,2.04336176397,2.08186103618
286,2.10138183796,2.08186103618,2.12108567871
287,2.14097427472,2.12108567871,2.16104935836
288,2.18131267825,2.16104935836,2.20176599943
289,2.22241110344,2.20176599943,2.24324978857
290,2.26428386996,2.24324978857,2.28551517974
291,2.30694556727,2.28551517974,2.32857689922
292,2.35041105975,2.32857689922,2.37244995072
293,2.39469549181,2.37244995072,2.41714962069
294,2.43981429321,2.41714962069,2.46269148355
295,2.48578318442,2.46269148355,2.50909140719
296,2.5326181821,2.50909140719,2.55636555844
297,2.5803356047,2.55636555844,2.60453040877
298,2.6289520781,2.60453040877,2.65360273994
299,2.67848454146,2.65360273994,2.70359964996
300,2.72895025307,2.70359964996,2.75453855893
301,2.78036679639,2.75453855893,2.80643721519
302,2.83275208618,2.80643721519,2.85931370148
303,2.88612437473,2.85931370148,2.91318644124
304,2.94050225823,2.91318644124,2.96807420502
305,2.99590468324,2.96807420502,3.02399611703
306,3.05235095328,3.02399611703,3.08097166182
307,3.10986073561,3.08097166182,3.13902069101
308,3.16845406799,3.13902069101,3.1981634303
309,3.22815136575,3.1981634303,3.25842048642
310,3.28897342887,3.25842048642,3.31981285439
311,3.35094144921,3.31981285439,3.38236192477
312,3.41407701791,3.38236192477,3.44608949116
313,3.47840213292,3.44608949116,3.51101775777
314,3.54393920666,3.51101775777,3.57716934717
315,3.6107110738,3.57716934717,3.64456730817
316,3.67874099928,3.64456730817,3.71323512381
317,3.74805268634,3.71323512381,3.78319671962
318,3.81867028485,3.78319671962,3.8544764719
319,3.89061839966,3.8544764719,3.92709921623
320,3.96392209923,3.92709921623,4.00109025609
321,4.03860692432,4.00109025609,4.07647537176
322,4.11469889692,4.07647537176,4.15328082921
323,4.19222452929,4.15328082921,4.23153338931
324,4.27121083323,4.23153338931,4.31126031712
325,4.35168532945,4.31126031712,4.39248939141
326,4.43367605721,4.39248939141,4.47524891436
327,4.51721158403,4.47524891436,4.55956772135
328,4.6023210157,4.55956772135,4.64547519108
329,4.68903400639,4.64547519108,4.73300125577
330,4.77738076897,4.73300125577,4.82217641162
331,4.86739208559,4.82217641162,4.91303172937
332,4.95909931834,4.91303172937,5.0055988652
333,5.05253442023,5.0055988652,5.09991007171
334,5.14772994627,5.09991007171,5.19599820921
335,5.24471906488,5.19599820921,5.29389675709
336,5.3435355694,5.29389675709,5.39363982556
337,5.44421388985,5.39363982556,5.49526216749
338,5.54678910499,5.49526216749,5.59879919056
339,5.65129695448,5.59879919056,5.70428696953
340,5.75777385136,5.70428696953,5.81176225888
341,5.86625689472,5.81176225888,5.92126250559
342,5.97678388268,5.92126250559,6.03282586215
343,6.08939332548,6.03282586215,6.14649119992
344,6.20412445895,6.14649119992,6.26229812264
345,6.32101725816,6.26229812264,6.3802869802
346,6.44011245139,6.3802869802,6.50049888276
347,6.56145153423,6.50049888276,6.62297571503
348,6.68507678415,6.62297571503,6.74776015087
349,6.81103127515,6.74776015087,6.87489566817
350,6.93935889278,6.87489566817,7.00442656399
351,7.07010434947,7.00442656399,7.13639797001
352,7.20331320007,7.13639797001,7.27085586823
353,7.33903185774,7.27085586823,7.40784710701
354,7.47730761012,7.40784710701,7.54741941737
355,7.61818863579,7.54741941737,7.68962142966
356,7.76172402108,7.68962142966,7.83450269047
357,7.90796377716,7.83450269047,7.98211367991
358,8.05695885747,7.98211367991,8.13250582918
359,8.20876117547,8.13250582918,8.28573153851
360,8.36342362273,8.28573153851,8.44184419543
361,8.52100008735,8.44184419543,8.60089819331
362,8.68154547275,8.60089819331,8.76294895039
363,8.8451157168,8.76294895039,8.92805292904
364,9.01176781129,8.92805292904,9.09626765545
365,9.1815598218,9.09626765545,9.26765173965
366,9.35455090795,9.26765173965,9.44226489597
367,9.53080134398,9.44226489597,9.62016796384
368,9.71037253976,9.62016796384,9.80142292893
369,9.89332706221,9.80142292893,9.98609294483
370,10.0797286571,9.98609294483,10.174242355
371,10.2696422711,10.174242355,10.3659367152
372,10.4631340749,10.3659367152,10.5612428164
373,10.6602714854,10.5612428164,10.7602287078
374,10.8611231902,10.7602287078,10.962963721
375,11.0657591708,10.962963721,11.1695184936
376,11.2742507273,11.1695184936,11.3799649944
377,11.4866705031,11.3799649944,11.5943765478
378,11.7030925103,11.5943765478,11.8128278602
379,11.9235921557,11.8128278602,12.035395045
380,12.1482462665,12.035395045,12.2621556501
381,12.3771331177,12.2621556501,12.4931886843
382,12.6103324589,12.4931886843,12.7285746451
383,12.8479255423,12.7285746451,12.9683955465
384,13.0899951511,12.9683955465,13.212734948
385,13.3366256282,13.212734948,13.4616779831
386,13.5879029054,13.4616779831,13.7153113897
387,13.8439145339,13.7153113897,13.9737235398
388,14.1047497142,13.9737235398,14.2370044702
389,14.3704993276,14.2370044702,14.5052459144
390,14.6412559676,14.5052459144,14.7785413342
391,14.9171139723,14.7785413342,15.0569859522
392,15.1981694572,15.0569859522,15.3406767852
393,15.4845203489,15.3406767852,15.6297126779
394,15.7762664188,15.6297126779,15.9241943373
395,16.0735093183,15.9241943373,16.2242243679
396,16.3763526139,16.2242243679,16.5299073074
397,16.6849018235,16.5299073074,16.841349663
398,16.999264453,16.841349663,17.1586599487
399,17.319550034,17.1586599487,17.481948723
400,17.6458701615,17.481948723,17.8113286276
401,17.9783385334,17.8113286276,18.1469144261
402,18.3170709896,18.1469144261,18.4888230449
403,18.6621855526,18.4888230449,18.837173613
404,19.0138024686,18.837173613,19.1920875042
405,19.3720442493,19.1920875042,19.5536883789
406,19.7370357149,19.5536883789,19.9221022276
407,20.1089040371,19.9221022276,20.2974574145
408,20.4877787836,20.2974574145,20.6798847223
409,20.8737919637,20.6798847223,21.0695173979
410,21.2670780734,21.0695173979,21.4664911986
411,21.6677741432,21.4664911986,21.8709444397
412,22.0760197852,21.8709444397,22.2830180424
413,22.4919572418,22.2830180424,22.7028555829
414,22.9157314358,22.7028555829,23.1306033428
415,23.3474900202,23.1306033428,23.5664103596
416,23.78738343,23.5664103596,24.0104284789
417,24.2355649346,24.0104284789,24.4628124074
418,24.6921906914,24.4628124074,24.9237197664
419,25.1574197995,24.9237197664,25.393311147
420,25.631414356,25.393311147,25.8717501662
421,26.114339512,25.8717501662,26.3592035237
422,26.6063635301,26.3592035237,26.8558410598
423,27.1076578434,26.8558410598,27.361835815
424,27.6183971147,27.361835815,27.87736409
425,28.138759298,27.87736409,28.4026055072
426,28.6689256998,28.4026055072,28.9377430733
427,29.2090810429,28.9377430733,29.4829632431
428,29.7594135303,29.4829632431,30.0384559843
429,30.320114911,30.0384559843,30.604414844
430,30.891380547,30.604414844,31.1810370158
431,31.4734094808,31.1810370158,31.7685234087
432,32.0664045052,31.7685234087,32.367078717
433,32.670572234,32.367078717,32.9769114917
434,33.2861231737,32.9769114917,33.5982342133
435,33.9132717969,33.5982342133,34.2312633654
436,34.5522366173,34.2312633654,34.8762195107
437,35.2032402657,34.8762195107,35.5333273672
438,35.8665095672,35.5333273672,36.2028158871
439,36.5422756207,36.2028158871,36.8849183363
440,37.2307738795,36.8849183363,37.5798723756
441,37.9322442327,37.5798723756,38.2879201438
442,38.6469310896,38.2879201438,39.0093083415
443,39.375083464,39.0093083415,39.7442883177
444,40.1169550619,39.7442883177,40.4931161572
445,40.8728043689,40.4931161572,41.2560527694
446,41.6428947413,41.2560527694,42.0333639799
447,42.4274944968,42.0333639799,42.8253206224
448,43.2268770089,42.8253206224,43.6321986336
449,44.0413208017,43.6321986336,44.4542791493
450,44.8711096468,44.4542791493,45.2918486019
451,45.7165326626,45.2918486019,46.1451988207
452,46.5778844148,46.1451988207,47.0146271335
453,47.4554650189,47.0146271335,47.9004364699
454,48.3495802452,47.9004364699,48.8029354671
455,49.2605416247,48.8029354671,49.7224385774
456,50.1886665583,49.7224385774,50.6592661778
457,51.1342784269,50.6592661778,51.6137446814
458,52.0977067045,51.6137446814,52.5862066514
459,53.0792870725,52.5862066514,53.576990917
460,54.0793615371,53.576990917,54.5864426912
461,55.0982785481,54.5864426912,55.614913691
462,56.1363931208,55.614913691,56.6627622606
463,57.1940669591,56.6627622606,57.7303534954
464,58.271668582,57.7303534954,58.8180593698
465,59.3695734517,58.8180593698,59.9262588668
466,60.4881641046,59.9262588668,61.0553381094
467,61.6278302845,61.0553381094,62.2056904961
468,62.7889690784,62.2056904961,63.3777168372
469,63.971985055,63.3777168372,64.5718254948
470,65.1772904053,64.5718254948,65.788432525
471,66.4053050867,65.788432525,67.0279618228
472,67.656456969,67.0279618228,68.2908452699
473,68.9311819834,68.2908452699,69.5775228853
474,70.2299242747,69.5775228853,70.8884429783
475,71.5531363559,70.8884429783,72.2240623049
476,72.9012792658,72.2240623049,73.5848462269
477,74.2748227297,73.5848462269,74.971268874
478,75.6742453231,74.971268874,76.3838133092
479,77.1000346385,76.3838133092,77.8229716968
480,78.5526874549,77.8229716968,79.289245474
481,80.0327099114,79.289245474,80.7831455259
482,81.5406176835,80.7831455259,82.3051923631
483,83.0769361623,82.3051923631,83.8559163031
484,84.642200638,83.8559163031,85.4358576555
485,86.2369564863,85.4358576555,87.0455669095
486,87.8617593584,87.0455669095,88.6856049266
487,89.5171753746,88.6856049266,90.3565431354
488,91.2037813214,90.3565431354,92.0589637307
489,92.922164853,92.0589637307,93.7934598767
490,94.6729246952,93.7934598767,95.5606359135
491,96.4566708549,95.5606359135,97.3611075676
492,98.2740248319,97.3611075676,99.1955021666
493,100.125619836,99.1955021666,101.064458857
494,102.012101007,101.064458857,102.968628829
495,103.934125641,102.968628829,104.908675541
496,105.892363417,104.908675541,106.885274951
497,107.887496631,106.885274951,108.899115755
498,109.920220437,108.899115755,110.950899621
499,111.991243084,110.950899621,113.041341442
500,114.101286165,113.041341442,115.171169578
501,116.251084871,115.171169578,117.341126111
502,118.441388243,117.341126111,119.551967106
503,120.672959436,119.551967106,121.804462874
504,122.946575981,121.804462874,124.099398238
505,125.263030062,124.099398238,126.437572808
506,127.623128786,126.437572808,128.819801261
507,130.027694469,128.819801261,131.246913622
508,132.47756492,131.246913622,133.719755556
509,134.973593731,133.719755556,136.239188659
510,137.516650579,136.239188659,138.806090763
511,140.107621526,138.806090763,141.421356237
512,142.747409328,141.421356237,144.085896304
513,145.436933752,144.085896304,146.800639352
514,148.177131891,146.800639352,149.566531264
515,150.968958496,149.566531264,152.384535743
516,153.813386307,152.384535743,155.255634647
517,156.71140639,155.255634647,158.180828339
518,159.664028486,158.180828339,161.161136024
519,162.672281358,161.161136024,164.197596115
520,165.737213155,164.197596115,167.291266585
521,168.859891771,167.291266585,170.443225345
522,172.041405223,170.443225345,173.654570613
523,175.282862027,173.654570613,176.926421297
524,178.585391583,176.926421297,180.259917389
525,181.950144573,180.259917389,183.65622036
526,185.378293356,183.65622036,187.116513562
527,188.871032383,187.116513562,190.642002645
528,192.429578607,190.642002645,194.233915974
529,196.055171911,194.233915974,197.893505057
530,199.749075539,197.893505057,201.622044984
531,203.512576535,201.622044984,205.420834866
532,207.346986193,205.420834866,209.291198293
533,211.253640514,209.291198293,213.234483793
534,215.23390067,213.234483793,217.252065301
535,219.289153478,217.252065301,221.345342639
536,223.420811887,221.345342639,225.515742003
537,227.630315464,225.515742003,229.764716459
538,231.919130903,229.764716459,234.093746453
539,236.288752528,234.093746453,238.504340322
540,240.740702822,238.504340322,242.998034823
541,245.27653295,242.998034823,247.576395668
542,249.897823304,247.576395668,252.241018065
543,254.606184053,252.241018065,256.993527283
544,259.403255703,256.993527283,261.835579209
545,264.290709667,261.835579209,266.76886093
546,269.270248854,266.76886093,271.79509132
547,274.343608253,271.79509132,276.916021638
548,279.512555544,276.916021638,282.133436139
549,284.778891712,282.133436139,287.449152695
550,290.144451677,287.449152695,292.86502343
551,295.611104926,292.86502343,298.382935362
552,301.180756174,298.382935362,304.004811065
553,306.85534602,304.004811065,309.732609334
554,312.636851628,309.732609334,315.568325873
555,318.527287413,315.568325873,321.513993985
556,324.528705743,321.513993985,327.571685283
557,330.643197658,327.571685283,333.743510411
558,336.872893592,333.743510411,340.031619783
559,343.219964121,340.031619783,346.438204325
560,349.686620717,346.438204325,352.965496247
561,356.275116518,352.965496247,359.615769812
562,362.987747113,359.615769812,366.391342135
563,369.826851345,366.391342135,373.294573989
564,376.794812121,373.294573989,380.327870625
565,383.894057246,380.327870625,387.493682612
566,391.127060267,387.493682612,394.794506692
567,398.496341336,394.794506692,402.232886645
568,406.004468087,402.232886645,409.811414182
569,413.654056531,409.811414182,417.532729844
570,421.447771969,417.532729844,425.399523923
571,429.388329919,425.399523923,433.414537398
572,437.478497059,433.414537398,441.580562891
573,445.7210922,441.580562891,449.900445643
574,454.118987259,449.900445643,458.3770845
575,462.675108264,458.3770845,467.013432926
576,471.392436372,467.013432926,475.812500031
577,480.27400891,475.812500031,484.777351623
578,489.322920431,484.777351623,493.91111127
579,498.542323792,493.91111127,503.216961394
580,507.935431255,503.216961394,512.698144374
581,517.505515604,512.698144374,522.357963684
582,527.255911285,522.357963684,532.199785036
583,537.19001557,532.199785036,542.227037556
584,547.31128974,542.227037556,552.44321498
585,557.623260288,552.44321498,562.851876868
586,568.129520154,562.851876868,573.456649849
587,578.833729969,573.456649849,584.26122888
588,589.739619338,584.26122888,595.269378534
589,600.850988133,595.269378534,606.484934316
590,612.171707822,606.484934316,617.911803993
591,623.705722815,617.911803993,629.553968962
592,635.45705184,629.553968962,641.415485632
593,647.429789341,641.415485632,653.500486839
594,659.628106908,653.500486839,665.813183288
595,672.056254726,665.813183288,678.357865018
596,684.718563061,678.357865018,691.138902897
597,697.619443764,691.138902897,704.160750144
598,710.763391812,704.160750144,717.427943884
599,724.154986871,717.427943884,730.945106725
600,737.798894894,730.945106725,744.716948371
601,751.699869746,744.716948371,758.748267261
602,765.862754861,758.748267261,773.043952245
603,780.292484926,773.043952245,787.60898428
604,794.994087605,787.60898428,802.448438174
605,809.972685291,802.448438174,817.567484348
606,825.233496885,817.567484348,832.971390641
607,840.78183962,832.971390641,848.665524143
608,856.623130912,848.665524143,864.655353066
609,872.762890246,864.655353066,880.946448651
610,889.206741102,880.946448651,897.544487105
611,905.960412911,897.544487105,914.455251583
612,923.029743056,914.455251583,931.684634202
613,940.420678898,931.684634202,949.238638091
614,958.139279859,949.238638091,967.123379486
615,976.191719523,967.123379486,985.34508986
616,994.584287793,985.34508986,1003.91011809
617,1013.32339308,1003.91011809,1022.82493269
618,1032.41556454,1022.82493269,1042.09612402
619,1051.86745434,1042.09612402,1061.73040663
620,1071.68583999,1061.73040663,1081.73462158
621,1091.87762669,1081.73462158,1102.11573882
622,1112.44984974,1102.11573882,1122.8808596
623,1133.40967699,1122.8808596,1144.03721901
624,1154.76441136,1144.03721901,1165.59218842
625,1176.52149334,1165.59218842,1187.55327811
626,1198.68850363,1187.55327811,1209.92813983
627,1221.27316574,1209.92813983,1232.72456954
628,1244.2833487,1232.72456954,1255.95051005
629,1267.72706983,1255.95051005,1279.61405384
630,1291.61249747,1279.61405384,1303.72344585
631,1315.94795388,1303.72344585,1328.28708637
632,1340.74191812,1328.28708637,1353.31353398
633,1366.00302899,1353.31353398,1378.81150847
634,1391.74008808,1378.81150847,1404.78989396
635,1417.96206279,1404.78989396,1431.25774194
636,1444.6780895,1431.25774194,1458.22427444
637,1471.89747669,1458.22427444,1485.69888725
638,1499.62970826,1485.69888725,1513.69115318
639,1527.88444679,1513.69115318,1542.21082541
640,1556.67153691,1542.21082541,1571.26784088
641,1586.00100871,1571.26784088,1600.87232374
642,1615.88308131,1600.87232374,1631.03458892
643,1646.32816632,1631.03458892,1661.76514566
644,1677.34687155,1661.76514566,1693.07470123
645,1708.95000465,1693.07470123,1724.97416463
646,1741.14857693,1724.97416463,1757.4746504
647,1773.95380712,1757.4746504,1790.58748248
648,1807.37712536,1790.58748248,1824.32419819
649,1841.43017713,1824.32419819,1858.69655219
650,1876.12482734,1858.69655219,1893.71652066
651,1911.47316444,1893.71652066,1929.39630537
652,1947.48750462,1929.39630537,1965.74833802
653,1984.18039616,1965.74833802,2002.78528454
654,2021.56462373,2002.78528454,2040.52004949
655,2059.6532129,2040.52004949,2078.96578055
656,2098.45943465,2078.96578055,2118.13587316
657,2137.99680998,2118.13587316,2158.04397509
658,2178.27911468,2158.04397509,2198.7039913
659,2219.32038406,2198.7039913,2240.13008872
660,2261.13491789,2240.13008872,2282.33670117
661,2303.73728535,2282.33670117,2325.33853448
662,2347.14233012,2325.33853448,2369.15057149
663,2391.36517558,2369.15057149,2413.78807738
664,2436.42123001,2413.78807738,2459.26660492
665,2482.32619203,2459.26660492,2505.60199992
666,2529.09605602,2505.60199992,2552.81040676
667,2576.74711774,2552.81040676,2600.90827396
668,2625.29597995,2600.90827396,2649.91235997
669,2674.75955823,2649.91235997,2699.83973901
670,2725.15508689,2699.83973901,2750.70780696
671,2776.50012494,2750.70780696,2802.53428747
672,2828.81256222,2802.53428747,2855.33723814
673,2882.11062564,2855.33723814,2909.13505678
674,2936.41288552,2909.13505678,2963.94648785
675,2991.73826207,2963.94648785,3019.79062895
676,3048.10603197,3019.79062895,3076.68693753
677,3105.53583512,3076.68693753,3134.65523762
678,3164.04768143,3134.65523762,3193.71572677
679,3223.66195784,3193.71572677,3253.88898307
680,3284.39943538,3253.88898307,3315.19597234
681,3346.28127645,3315.19597234,3377.65805538
682,3409.32904217,3377.65805538,3441.29699549
683,3473.56469989,3441.29699549,3506.13496601
684,3539.01063085,3506.13496601,3572.19455803
685,3605.68963799,3572.19455803,3639.4987883
686,3673.62495387,3639.4987883,3708.07110724
687,3742.84024879,3708.07110724,3777.93540707
688,3813.35963901,3777.93540707,3849.11603021
689,3885.20769519,3849.11603021,3921.63777768
690,3958.4094509,3921.63777768,3995.5259178
691,4032.99041139,3995.5259178,4070.80619497
692,4108.97656246,4070.80619497,4147.50483865
693,4186.39437951,4147.50483865,4225.64857248
694,4265.27083676,4225.64857248,4305.26462361
695,4345.63341666,4305.26462361,4386.38073218
696,4427.51011945,4386.38073218,4469.025161
697,4510.92947296,4469.025161,4553.22670536
698,4595.92054247,4553.22670536,4639.0147031
699,4682.51294092,4639.0147031,4726.41904482
700,4770.73683918,4726.41904482,4815.47018428
701,4860.62297656,4815.47018428,4906.19914903
702,4952.20267156,4906.19914903,4998.63755124
703,5045.50783273,4998.63755124,5092.81759864
704,5140.57096984,5092.81759864,5188.77210583
705,5237.42520515,5188.77210583,5286.53450566
706,5336.104285,5286.53450566,5386.1388609
707,5436.64259156,5386.1388609,5487.61987608
708,5539.07515478,5487.61987608,5591.01290963
709,5643.43766463,5591.01290963,5696.35398617
710,5749.76648349,5696.35398617,5803.67980905
711,5858.0986589,5803.67980905,5913.02777315
712,5968.47193636,5913.02777315,6024.43597794
713,6080.92477258,6024.43597794,6137.9432407
714,6195.49634883,6137.9432407,6253.58911009
715,6312.22658459,6253.58911009,6371.4138799
716,6431.15615147,6371.4138799,6491.4586031
717,6552.32648738,6491.4586031,6613.76510616
718,6675.77981099,6613.76510616,6738.3760036
719,6801.55913637,6738.3760036,6865.33471283
720,6929.70828808,6865.33471283,6994.68546933
721,7060.27191634,6994.68546933,7126.47334198
722,7193.29551266,7126.47334198,7260.74424886
723,7328.82542565,7260.74424886,7397.54497317
724,7466.90887717,7397.54497317,7536.92317955
725,7607.59397882,7536.92317955,7678.92743072
726,7750.92974866,7678.92743072,7823.60720436
727,7896.96612831,7823.60720436,7971.01291038
728,8045.75400034,7971.01291038,8121.19590845
729,8197.34520602,8121.19590845,8274.20852595
730,8351.79256336,8274.20852595,8430.10407613
731,8509.14988552,8430.10407613,8588.93687674
732,8669.47199957,8588.93687674,8750.76226894
733,8832.81476557,8750.76226894,8915.63663658
734,8999.23509607,8915.63663658,9083.61742583
735,9168.7909759,9083.61742583,9254.76316524
736,9341.54148239,9254.76316524,9429.13348609
737,9517.54680596,9429.13348609,9606.78914317
738,9696.8682711,9606.78914317,9787.79203599
739,9879.56835768,9787.79203599,9972.20523028
740,10065.7107228,9972.20523028,10160.09298
741,10255.360223,10160.09298,10351.5207498
742,10448.5829366,10351.5207498,10546.5552377
743,10645.446187,10546.5552377,10745.2643984
744,10846.0185663,10745.2643984,10947.7174668
745,11050.3699585,10947.7174668,11153.9849826
746,11258.5715646,11153.9849826,11364.1388143
747,11470.695927,11364.1388143,11578.2521844
748,11686.816955,11578.2521844,11796.3996953
749,11907.0099503,11796.3996953,12018.6573547
750,12131.3516334,12018.6573547,12245.1026026
751,12359.9201704,12245.1026026,12475.8143379
752,12592.7952,12475.8143379,12710.8729461
753,12830.0578614,12710.8729461,12950.3603273
754,13071.7908226,12950.3603273,13194.3599246
755,13318.0783093,13194.3599246,13442.9567533
756,13569.0061339,13442.9567533,13696.2374305
757,13824.6617256,13696.2374305,13954.2902054
758,14085.134161,13954.2902054,14217.2049895
759,14350.5141949,14217.2049895,14485.0733889
760,14620.8942922,14485.0733889,14757.9887352
761,14896.3686596,14757.9887352,15036.0461187
762,15177.0332791,15036.0461187,15319.3424213
763,15462.985941,15319.3424213,15607.9763502
764,15754.3262781,15607.9763502,15902.0484723
765,16051.1558002,15902.0484723,16201.6612495
766,16353.57793,16201.6612495,16506.9190741
767,16661.6980385,16506.9190741,16817.9283051
768,16975.6234822,16817.9283051,17134.7973056
769,17295.4636402,17134.7973056,17457.6364805
770,17621.3299525,17457.6364805,17786.5583146
771,17953.3359588,17786.5583146,18121.6774121
772,18291.5973379,18121.6774121,18463.1105367
773,18636.2319481,18463.1105367,18810.9766518
774,18987.3598686,18810.9766518,19165.3969622
775,19345.1034405,19165.3969622,19526.4949566
776,19709.5873104,19526.4949566,19894.3964501
777,20080.9384733,19894.3964501,20269.2296285
778,20459.2863166,20269.2296285,20651.1250925
779,20844.762666,20651.1250925,21040.2159038
780,21237.5018306,21040.2159038,21436.6376309
781,21637.6406502,21436.6376309,21840.5283966
782,22045.3185426,21840.5283966,22252.0289263
783,22460.6775528,22252.0289263,22671.2825964
784,22883.8624017,22671.2825964,23098.4354851
785,23315.020537,23098.4354851,23533.6364227
786,23754.3021846,23533.6364227,23977.0370436
787,24201.8604008,23977.0370436,24428.7918392
788,24657.8511255,24428.7918392,24889.0582118
789,25122.433237,24889.0582118,25357.9965291
790,25595.7686066,25357.9965291,25835.7701806
791,26078.0221559,25835.7701806,26322.5456339
792,26569.3619136,26322.5456339,26818.4924935
793,27069.959074,26818.4924935,27323.783559
794,27579.9880575,27323.783559,27838.594886
795,28099.6265702,27838.594886,28363.105847
796,28629.0556667,28363.105847,28897.4991944
797,29168.4598127,28897.4991944,29441.9611235
798,29718.0269497,29441.9611235,29996.6813379
799,30277.94856,29996.6813379,30561.8531155
800,30848.4197336,30561.8531155,31137.6733756
801,31429.6392366,31137.6733756,31724.3427479
802,32021.8095795,31724.3427479,32322.065642
803,32625.1370889,32322.065642,32931.050319
804,33239.8319785,32931.050319,33551.5089636
805,33866.1084227,33551.5089636,34183.6577586
806,34504.1846313,34183.6577586,34827.7169598
807,35154.2829252,34827.7169598,35483.9109728
808,35816.6298144,35483.9109728,36152.4684313
809,36491.4560764,36152.4684313,36833.6222769
810,37178.9968368,36833.6222769,37527.6098398
811,37879.4916514,37527.6098398,38234.672922
812,38593.1845893,38234.672922,38955.0578811
813,39320.3243182,38955.0578811,39689.0157167
814,40061.1641911,39689.0157167,40436.8021572
815,40815.9623344,40436.8021572,41198.6777492
816,41584.9817378,41198.6777492,41974.9079487
817,42368.4903461,41974.9079487,42765.7632127
818,43166.7611526,42765.7632127,43571.5190943
819,43980.0722938,43571.5190943,44392.456338
820,44808.707147,44392.456338,45228.8609781
821,45652.9544284,45228.8609781,46081.0244381
822,46513.108294,46081.0244381,46949.2436322
823,47389.4684419,46949.2436322,47833.8210686
824,48282.3402172,47833.8210686,48735.0649555
825,49192.0347177,48735.0649555,49653.2893077
826,50118.8689028,49653.2893077,50588.8140568
827,51063.1657038,50588.8140568,51541.9651619
828,52025.2541364,51541.9651619,52513.0747237
829,53005.4694151,52513.0747237,53502.4811002
830,54004.1530706,53502.4811002,54510.5290242
831,55021.6530682,54510.5290242,55537.5697237
832,56058.3239292,55537.5697237,56583.9610445
833,57114.5268547,56583.9610445,57650.0675743
834,58190.629851,57650.0675743,58736.2607702
835,59287.0078584,58736.2607702,59842.9190879
836,60404.042881,59842.9190879,60970.4281139
837,61542.1241209,60970.4281139,62119.1806992
838,62701.6481127,62119.1806992,63289.5770968
839,63883.0188624,63289.5770968,64482.0251009
840,65086.647988,64482.0251009,65696.9401889
841,66312.9548626,65696.9401889,66934.7456665
842,67562.366761,66934.7456665,68195.8728146
843,68835.3190083,68195.8728146,69480.7610404
844,70132.2551315,69480.7610404,70789.8580296
845,71453.6270144,70789.8580296,72123.619903
846,72799.8950545,72123.619903,73482.5113753
847,74171.528324,73482.5113753,74867.0059168
848,75569.0047327,74867.0059168,76277.5859186
849,76992.8111949,76277.5859186,77714.7428607
850,78443.443799,77714.7428607,79178.9774829
851,79921.4079802,79178.9774829,80670.7999598
852,81427.2186966,80670.7999598,82190.730078
853,82961.4006088,82190.730078,83739.2974177
854,84524.4882626,83739.2974177,85317.0415369
855,86117.0262752,85317.0415369,86924.5121594
856,87739.5695249,86924.5121594,88562.2693666
857,89392.6833449,88562.2693666,90230.8837923
858,91076.9437196,90230.8837923,91930.9368219
859,92792.9374857,91930.9368219,93663.0207946
860,94541.2625365,93663.0207946,95427.7392099
861,96322.5280306,95427.7392099,97225.7069382
862,98137.3546034,97225.7069382,99057.5504344
863,99986.3745841,99057.5504344,100923.907957
864,101870.232216,100923.907957,102825.429789
865,103789.583879,102825.429789,104762.778467
866,105745.098323,104762.778467,106736.62901
867,107737.456894,106736.62901,108747.669153
868,109767.35378,108747.669153,110796.599593
869,111835.496244,110796.599593,112884.134225
870,113942.604877,112884.134225,115011.000397
871,116089.413846,115011.000397,117177.939159
872,118276.671151,117177.939159,119385.705526
873,120505.138885,119385.705526,121635.068736
874,122775.593499,121635.068736,123926.81252
875,125088.826075,123926.81252,126261.735378
876,127445.642597,126261.735378,128640.650853
877,129846.864237,128640.650853,131064.387816
878,132293.327639,131064.387816,133533.790754
879,134785.885209,133533.790754,136049.720068
880,137325.405414,136049.720068,138613.052366
881,139912.773084,138613.052366,141224.680777
882,142548.889719,141224.680777,143885.515253
883,145234.673806,143885.515253,146596.482893
884,147971.061136,146596.482893,149358.528264
885,150759.005132,149358.528264,152172.613728
886,153599.477182,152172.613728,155039.71978
887,156493.466973,155039.71978,157960.845388
888,159441.982841,157960.845388,160937.008343
889,162446.052119,160937.008343,163969.245612
890,165506.721498,163969.245612,167058.613698
891,168625.057388,167058.613698,170206.189011
892,171802.146292,170206.189011,173413.068243
893,175039.095183,173413.068243,176680.368747
894,178337.031894,176680.368747,180009.228928
895,181697.105503,180009.228928,183400.808641
896,185120.486741,183400.808641,186856.289594
897,188608.368396,186856.289594,190376.87576
898,192161.965731,190376.87576,193963.793795
899,195782.516902,193963.793795,197618.293468
900,199471.283397,197618.293468,201341.648093
901,203229.550472,201341.648093,205135.154977
902,207058.627596,205135.154977,209000.135869
903,210959.848911,209000.135869,212937.93742
904,214934.573697,212937.93742,216949.931656
905,218984.186843,216949.931656,221037.51645
906,223110.099331,221037.51645,225202.116016
907,227313.748729,225202.116016,229445.1814
908,231596.599688,229445.1814,233768.190988
909,235960.144456,233768.190988,238172.65102
910,240405.903398,238172.65102,242660.096116
911,244935.425522,242660.096116,247232.089808
912,249550.289023,247232.089808,251890.22509
913,254252.101828,251890.22509,256636.124967
914,259042.502164,256636.124967,261471.443024
915,263923.159119,261471.443024,266397.864003
916,268895.773233,266397.864003,271417.104387
917,273962.077083,271417.104387,276530.912999
918,279123.835891,276530.912999,281741.071613
919,284382.848137,281741.071613,287049.395572
920,289740.946187,287049.395572,292457.734426
921,295199.996932,292457.734426,297967.972567
922,300761.902435,297967.972567,303582.029897
923,306428.600598,303582.029897,309301.862486
924,312202.065834,309301.862486,315129.463261
925,318084.309757,315129.463261,321066.8627
926,324077.381882,321066.8627,327116.129533
927,330183.370339,327116.129533,333279.37147
928,336404.4026,333279.37147,339558.735933
929,342742.646224,339558.735933,345956.410803
930,349200.309604,345956.410803,352474.625184
931,355779.642748,352474.625184,359115.650177
932,362482.938051,359115.650177,365881.799674
933,369312.531102,365881.799674,372775.431166
934,376270.801497,372775.431166,379798.946557
935,383360.173663,379798.946557,386954.79301
936,390583.117706,386954.79301,394245.463793
937,397942.150275,394245.463793,401673.49915
938,405439.835433,401673.49915,409241.487187
939,413078.785553,409241.487187,416952.064773
940,420861.662228,416952.064773,424807.918458
941,428791.177199,424807.918458,432811.785409
942,436870.0933,432811.785409,440966.454366
943,445101.225418,440966.454366,449274.766611
944,453487.441478,449274.766611,457739.61696
945,462031.663438,457739.61696,466363.954768
946,470736.86831,466363.954768,475150.784963
947,479606.089196,475150.784963,484103.169086
948,488642.416346,484103.169086,493224.226363
949,497848.998232,493224.226363,502517.134789
950,507229.042649,502517.134789,511985.132236
951,516785.817828,511985.132236,521631.517582
952,526522.65358,521631.517582,531459.651859
953,536442.942452,531459.651859,541472.959424
954,546550.14091,541472.959424,551674.929153
955,556847.770544,551674.929153,562069.115658
956,567339.419296,562069.115658,572659.140523
957,578028.742708,572659.140523,583448.693565
958,588919.465196,583448.693565,594441.534125
959,600015.381349,594441.534125,605641.492371
960,611320.35725,605641.492371,617052.470638
961,622838.331825,617052.470638,628678.444784
962,634573.318212,628678.444784,640523.465577
963,646529.405161,640523.465577,652591.660107
964,658710.75846,652591.660107,664887.233221
965,671121.622385,664887.233221,677414.468993
966,683766.321178,677414.468993,690177.732212
967,696649.260555,690177.732212,703181.469904
968,709774.929241,703181.469904,716430.212884
969,723147.900535,716430.212884,729928.577333
970,736772.833901,729928.577333,743681.266402
971,750654.47659,743681.266402,757693.07186
972,764797.665302,757693.07186,771968.875755
973,779207.327862,771968.875755,786513.65212
974,793888.484942,786513.65212,801332.468704
975,808846.251809,801332.468704,816430.488737
976,824085.840108,816430.488737,831812.972733
977,839612.559677,831812.972733,847485.280316
978,855431.820398,847485.280316,863452.872096
979,871549.134079,863452.872096,879721.311564
980,887970.116381,879721.311564,896296.267035
981,904700.488767,896296.267035,913183.51362
982,921746.080499,913183.51362,930388.935241
983,939112.830672,930388.935241,947918.52668
984,956806.790277,947918.52668,965778.395666
985,974834.124313,965778.395666,983974.765008
986,993201.113937,983974.765008,1002513.97475
987,1011914.15865,1002513.97475,1021402.48441
988,1030979.77852,1021402.48441,1040646.87519
989,1050404.61647,1040646.87519,1060253.8523
990,1070195.44058,1060253.8523,1080230.24728
991,1090359.14645,1080230.24728,1100583.02038
992,1110902.7596,1100583.02038,1121319.263
993,1131833.4379,1121319.263,1142446.20014
994,1153158.47412,1142446.20014,1163971.19294
995,1174885.29841,1163971.19294,1185901.74121
996,1197021.48091,1185901.74121,1208245.48609
997,1219574.73441,1208245.48609,1231010.21268
998,1242552.91699,1231010.21268,1254203.85275
999,1265964.0348,1254203.85275,1277834.48751
1000,1289816.24484,1277834.48751,1301910.35046
1001,1314117.8578,1301910.35046,1326439.8302
1002,1338877.34094,1326439.8302,1351431.47338
1003,1364103.32104,1351431.47338,1376893.9877
1004,1389804.58746,1376893.9877,1402836.2449
1005,1415990.09513,1402836.2449,1429267.2839
1006,1442668.96771,1429267.2839,1456196.31389
1007,1469850.50075,1456196.31389,1483632.71761
1008,1497544.16496,1483632.71761,1511586.05454
1009,1525759.60946,1511586.05454,1540066.0643
1010,1554506.66521,1540066.0643,1569082.67002
1011,1583795.34836,1569082.67002,1598645.98177
1012,1613635.86379,1598645.98177,1628766.30012
1013,1644038.60866,1628766.30012,1659454.1197
1014,1675014.176,1659454.1197,1690720.1329
1015,1706573.35846,1690720.1329,1722575.23354
1016,1738727.15199,1722575.23354,1755030.52071
1017,1771486.75977,1755030.52071,1788097.30259
1018,1804863.59602,1788097.30259,1821787.10046
1019,1838869.29003,1821787.10046,1856111.65265
1020,1873515.6902,1856111.65265,1891082.91864
1021,1908814.86816,1891082.91864,1926713.08328
1022,1944779.12301,1926713.08328,1963014.56097
1023,1981420.98554,1963014.56097,2000000
