rho_gcc,900.991534215,991.884500749,1091.94684463,1202.10358222,1323.37304649,1456.87630092,1603.84750301,1765.6453134,1943.76545581,2139.85454412,2355.72530437,2593.37333226,2854.99554128,3143.01047187,3460.08064932,3809.13719726,4193.40693415,4616.44220324,5082.1537119,5594.84668371,6159.26065772,6780.61330264,7464.64865101,8217.69019941,9046.69936533
1e-17,7.6067459913e-18,5.42024646708e-18,3.85793567178e-18,2.74312970919e-18,1.94870673111e-18,1.3833157741e-18,9.81376934316e-19,6.95912295702e-19,4.93333539277e-19,3.49671521876e-19,2.4783211538e-19,1.75664859544e-19,1.24529075189e-19,8.82975353592e-20,6.26241307489e-20,4.44292090628e-20,3.15310629549e-20,2.23850390018e-20,1.589749114e-20,1.12940598265e-20,8.02636592504e-21,5.70596027705e-21,4.0576268776e-21,2.88629627687e-21,2.05366406176e-21
1.4370779142e-17,1.06901704708e-17,7.61360104452e-18,5.41823395739e-18,3.85315144329e-18,2.73844524756e-18,1.9452277315e-18,1.38121686439e-18,9.80447953742e-19,6.95831624645e-19,4.9379682039e-19,3.50420623593e-19,2.48693647913e-19,1.76519848525e-19,1.25314060013e-19,8.89815047377e-20,6.31984892368e-20,4.48979364312e-20,3.19052901579e-20,2.26786346045e-20,1.61245725412e-20,1.14676395547e-20,8.15772897032e-21,5.8045487909e-21,4.13109894906e-21,2.94073848455e-21
2.06519293148e-17,1.51212990574e-17,1.07656308203e-17,7.66051410286e-18,5.44835136068e-18,3.87337300903e-18,2.75275093318e-18,1.95582881486e-18,1.38935744632e-18,9.86845252446e-19,7.00922703414e-19,4.97853408587e-19,3.5364563133e-19,2.51237528985e-19,1.78511740361e-19,1.26860545024e-19,9.01723836828e-20,6.41078304087e-20,4.55870628743e-20,3.24239422669e-20,2.30665711981e-20,1.64131279695e-20,1.16811800971e-20,8.31505314663e-21,5.92000244405e-21,4.21554861289e-21
2.96784315039e-17,2.15035635648e-17,1.53062325012e-17,1.08909497532e-17,7.74671843541e-18,5.50864668117e-18,3.91628795021e-18,2.78375068558e-18,1.97849747271e-18,1.40609254579e-18,9.99287175426e-19,7.10204752548e-19,5.04790603454e-19,3.58825704366e-19,2.55101286381e-19,1.81387390485e-19,1.28995499772e-19,9.17523198255e-20,6.52734245454e-20,4.64443782816e-20,3.30527013138e-20,2.35264563209e-20,1.67486045222e-20,1.19253242802e-20,8.49235119329e-21,6.0485237843e-21
4.26502184423e-17,3.06949303402e-17,2.18462771922e-17,1.5544419486e-17,1.1057796248e-17,7.86456361017e-18,5.5926006755e-18,3.97651895401e-18,2.82721772526e-18,2.01001962953e-18,1.42904140071e-18,1.01603421127e-18,7.22442794475e-19,5.13734083616e-19,3.65361353225e-19,2.59874204242e-19,1.84870103135e-19,1.31532977256e-19,9.35984693148e-20,6.66146439627e-20,4.74173821802e-20,3.37576034914e-20,2.40363915583e-20,1.71170222286e-20,1.21911841849e-20,8.68400954128e-21
6.12916869593e-17,4.40065677611e-17,3.13193535815e-17,2.22849070554e-17,1.58533405618e-17,1.12760137513e-17,8.01925767982e-18,5.70257575523e-18,4.0549068377e-18,2.88323119847e-18,2.05013890367e-18,1.45782933801e-18,1.03671796863e-18,7.37314143281e-19,5.24434355885e-19,3.73063541901e-19,2.65420140754e-19,1.88862472749e-19,1.34406360386e-19,9.56658951526e-20,6.81016749502e-20,4.84865477193e-20,3.45259182631e-20,2.45882500267e-20,1.75132256459e-20,1.24755282935e-20
8.80809296532e-17,6.32370019156e-17,4.50057205297e-17,3.20233896367e-17,2.27813294826e-17,1.62037586219e-17,1.15238152068e-17,8.19473682258e-18,5.82702102209e-18,4.14330321286e-18,2.94613065132e-18,2.09496456223e-18,1.48981318166e-18,1.05955819185e-18,7.53640730346e-19,5.36113732276e-19,3.81424698746e-19,2.71407198628e-19,1.93150657131e-19,1.37478289743e-19,9.7866784331e-20,6.967857496e-20,4.96162170779e-20,3.53351049675e-20,2.51677973593e-20,1.79282649114e-20
1.26579158667e-16,9.08704269463e-17,6.46725860769e-17,4.6017342137e-17,3.27367276058e-17,2.32848852863e-17,1.65598631991e-17,1.17759926841e-17,8.37357653616e-18,5.95405665936e-18,4.23369692435e-18,3.01055012032e-18,2.14092910122e-18,1.52263721186e-18,1.08302141861e-18,7.70425384004e-19,5.48129716358e-19,3.90028824618e-19,2.77569835206e-19,1.97565382444e-19,1.40641221797e-19,1.00132967729e-19,7.13020339159e-20,5.077910434e-20,3.61679740873e-20,2.57642502094e-20
1.81904113318e-16,1.30578297789e-16,9.29329942619e-17,6.61261121977e-17,4.70423358064e-17,3.34603132327e-17,2.37966049667e-17,1.69222472488e-17,1.20329916148e-17,8.55613265165e-18,6.08395654639e-18,4.32627156525e-18,3.07660416836e-18,2.18809953012e-18,1.55635568725e-18,1.10714234392e-18,7.87693404639e-19,5.60494635411e-19,3.98885119525e-19,2.83914220681e-19,2.02110826433e-19,1.43897949881e-19,1.02466036256e-19,7.29732148192e-20,5.1976016184e-20,3.70251319592e-20
2.61410383751e-16,1.87636108111e-16,1.3354163285e-16,9.50214299005e-17,6.75989154666e-17,4.80820963118e-17,3.41956544965e-17,2.43173606583e-17,1.72915672761e-17,1.22953358893e-17,8.74280828561e-18,6.21700358263e-18,4.42119654304e-18,3.14439204895e-18,2.23655592e-18,1.59101967107e-18,1.13195817864e-18,8.05463034811e-19,5.73222047305e-19,4.08002664984e-19,2.90446502607e-19,2.06791081604e-19,1.47250807896e-19,1.0486769036e-19,7.46932938449e-20,5.32078334829e-20
3.75667089031e-16,2.6962417856e-16,1.91893519952e-16,1.36542275315e-16,9.71376802326e-17,6.90930007796e-17,4.91387825115e-17,3.49440029076e-17,2.4848096589e-17,1.76685754439e-17,1.25636051054e-17,8.93400894776e-18,6.3534092571e-18,4.5186141577e-18,3.21402873956e-18,2.28637171735e-18,1.62668270452e-18,1.1574951031e-18,8.23753752656e-19,5.86324984065e-19,4.17390285921e-19,2.971725477e-19,2.11609503041e-19,1.5070223989e-19,1.07339620098e-19,7.6463538673e-20
5.39862876738e-16,3.87434334485e-16,2.75740542216e-16,1.96204742551e-16,1.39583022507e-16,9.92845795373e-17,7.0611450063e-17,5.02141825642e-17,3.57066967357e-17,2.53898825586e-17,1.80541006688e-17,1.28383765126e-17,9.13003569753e-18,6.49340722935e-18,4.61868870127e-18,3.2856189805e-18,2.33762316801e-18,1.66338201863e-18,1.18378087073e-18,8.42584142694e-19,5.99816041986e-19,4.27056355828e-19,3.04097139705e-19,2.16569574077e-19,1.54254656376e-19,1.09883638162e-19
7.75825016857e-16,5.56716739921e-16,3.96221313449e-16,2.81934741741e-16,2.00573876192e-16,1.42668003228e-16,1.0146660108e-16,7.21568562386e-17,5.13102329397e-17,3.64852936397e-17,2.59439236631e-17,1.84489759506e-17,1.31200877714e-17,9.33122793266e-18,6.63722542098e-18,4.72157211681e-18,3.35927333947e-18,2.39036442871e-18,1.70115781385e-18,1.21084239148e-18,8.61972385135e-19,6.13707314517e-19,4.37007783897e-19,3.11225308847e-19,2.21674778388e-19,1.57910673307e-19
1.11492099701e-15,7.99958491462e-16,5.69340054326e-16,4.05120629922e-16,2.8821241377e-16,2.05006719351e-16,1.4580353283e-16,1.03687403823e-16,7.37319514946e-17,5.24292766953e-17,3.72815059712e-17,2.65113993609e-17,1.88538237712e-17,1.34092225707e-17,9.53791058058e-18,6.78508037967e-18,4.82742193015e-18,3.435068759e-18,2.44465282482e-18,1.74004849874e-18,1.23870562784e-18,8.81935784111e-19,6.28008661288e-19,4.47251761668e-19,3.18562039384e-19,2.26928858825e-19
1.60222834088e-15,1.14947046677e-15,8.18092650729e-16,5.82125573884e-16,4.14140418661e-16,2.9458202138e-16,2.09512439472e-16,1.48994906899e-16,1.05950932387e-16,7.5340132432e-17,5.35733889135e-17,3.80970342326e-17,2.70932143127e-17,1.92693452459e-17,1.37062502501e-17,9.75039643391e-18,6.93719988997e-18,4.93634961214e-18,3.51308816423e-18,2.50054370654e-18,1.78009148289e-18,1.26739551499e-18,9.02488550513e-19,6.42730453744e-19,4.57795463758e-19,3.26112719657e-19
2.30252696218e-15,1.65168017399e-15,1.17552129094e-15,8.36461606327e-16,5.95085478294e-16,4.23293137581e-16,3.01056805993e-16,2.14098664585e-16,1.52247851989e-16,1.08262112619e-16,7.69843869825e-17,5.474542447e-17,3.89331882049e-17,2.7690378417e-17,1.96962174801e-17,1.40116232476e-17,9.96901404597e-18,7.09374465196e-18,5.04847454321e-18,3.59341116253e-18,2.55809099863e-18,1.82132264861e-18,1.29693246115e-18,9.23645571304e-19,6.57882997097e-19,4.68646641821e-19
3.3089106442e-15,2.37329991771e-15,1.68910394283e-15,1.2019120159e-15,8.5508266001e-16,6.08237292385e-16,4.32597483142e-16,3.0764759731e-16,2.18773539877e-16,1.55569382013e-16,1.10625170255e-16,7.86688006277e-17,5.59471154077e-17,3.97914112555e-17,2.83038625348e-17,2.01350868261e-17,1.43258110433e-17,1.01939930128e-17,7.2548851986e-18,5.16391064855e-18,3.67611490565e-18,2.61734588145e-18,1.86377120031e-18,1.3273378125e-18,9.45421622711e-19,6.7347740017e-19
4.75516240683e-15,3.41019066095e-15,2.42706140202e-15,1.72701930211e-15,1.22866719059e-15,8.73981033899e-16,6.21607942706e-16,4.42069093685e-16,3.14366036799e-16,2.23547194812e-16,1.58965545233e-16,1.13046007762e-16,8.03958618323e-17,5.71805457024e-17,4.06731018735e-17,2.89345973235e-17,2.0586630007e-17,1.46491444665e-17,1.04255788813e-17,7.42078553781e-18,5.28276874303e-18,3.76127302054e-18,2.67835044243e-18,1.90746776167e-18,1.35863275456e-18,9.67832655036e-19
6.83353887329e-15,4.90010471668e-15,3.48742379639e-15,2.48153474437e-15,1.76546207232e-15,1.25582312207e-15,8.93195237403e-16,6.35219739781e-16,4.51724596083e-16,3.21226804821e-16,2.28428210634e-16,1.62444831156e-16,1.15528178625e-16,8.21685693031e-17,5.84477193445e-17,4.1579595073e-17,2.95835542363e-17,2.10513219212e-17,1.49819757703e-17,1.0664006702e-17,7.59160450146e-18,5.40515452583e-18,3.84894575785e-18,2.74114866195e-18,1.95244280628e-18,1.39084025539e-18
9.82032779063e-15,7.041010525e-15,5.01105893113e-15,3.56568674111e-15,2.53677073113e-15,1.80448358066e-15,1.28343468185e-15,9.12756852713e-16,6.49096251341e-16,4.61585001406e-16,3.28241916886e-16,2.33428766775e-16,1.66012287045e-16,1.18075960063e-16,8.39897780891e-17,5.97505455689e-17,4.25122802134e-17,3.02514074818e-17,2.15296634734e-17,1.53246397726e-17,1.09095029826e-17,7.76749278584e-18,5.53115369351e-18,3.93919581476e-18,2.8057838768e-18,1.99872911071e-18
1.41125761781e-14,1.01173703601e-14,7.2004138117e-15,5.12350836054e-15,3.6450564038e-15,2.59284567736e-15,1.84416466225e-15,1.31154851415e-15,9.32701037633e-16,6.6326869455e-16,4.7166791157e-16,3.35429346434e-16,2.38556341875e-16,1.69674239949e-16,1.20693583635e-16,8.58623109473e-17,6.10910645528e-17,4.34721560873e-17,3.09388992509e-17,2.20221479602e-17,1.56774687729e-17,1.11622883084e-17,7.94857613722e-18,5.66085799708e-18,4.03208655423e-18,2.87230387644e-18
2.0280871538e-14,1.4538109938e-14,1.03464150535e-14,7.36198583104e-15,5.23755980228e-15,3.72563898131e-15,2.64987271298e-15,1.8845700274e-15,1.34021339567e-15,9.53071278201e-16,6.77761152716e-16,4.81998727338e-16,3.42799408094e-16,2.4381978641e-16,1.73436605007e-16,1.23384983005e-16,8.77890235568e-17,6.24706667692e-17,4.44602551408e-17,3.16467154991e-17,2.252924069e-17,1.60407727901e-17,1.14225390392e-17,8.13498352658e-18,5.79435674331e-18,4.12768559047e-18
2.9145192568e-14,2.08909527735e-14,1.48672432002e-14,1.05786011858e-14,7.52588418347e-15,5.35336716241e-15,3.807598157e-15,2.70794541596e-15,1.92577653697e-15,1.36949310518e-15,9.73902346639e-16,6.92610576336e-16,4.92592362106e-16,3.50364981061e-16,2.49227685393e-16,1.77305088426e-16,1.26154307199e-16,8.97719378953e-17,6.38908486545e-17,4.5477574728e-17,3.23755312092e-17,2.30513891248e-17,1.64148057411e-17,1.16904410227e-17,8.32684387583e-18,5.93174741196e-18
4.18839125446e-14,3.00207762725e-14,2.13639768253e-14,1.52009332308e-14,1.08141535582e-14,7.69232526439e-15,5.47116427287e-15,3.89106678724e-15,2.7671752815e-15,1.96785770248e-15,1.39943622383e-15,9.95247588541e-16,7.0783831054e-16,5.03467381323e-16,3.58138389553e-16,2.54788234608e-16,1.81285643916e-16,1.29004446268e-16,9.18131953731e-17,6.5353037015e-17,4.65250790105e-17,3.31259856155e-17,2.3588957331e-17,1.67998346206e-17,1.19661790853e-17,8.52429700829e-18
6.01904456781e-14,4.31422497431e-14,3.07007221477e-14,2.18436130764e-14,1.55395025458e-14,1.10533864977e-14,7.86164266347e-15,5.59114150822e-15,3.97620764506e-15,2.82766570237e-15,2.01090080602e-15,1.43012017165e-15,1.01713745705e-15,7.2347105907e-16,5.14641454856e-16,3.66131424967e-16,2.60509991555e-16,1.85382423234e-16,1.31938479385e-16,9.39148469042e-17,6.68586150224e-17,4.76036856113e-17,3.38986021277e-17,2.414232782e-17,1.71961242952e-17,1.22499542332e-17
8.64983601298e-14,6.20018720513e-14,4.41198382032e-14,3.13902620178e-14,2.23303213049e-14,1.58834017962e-14,1.12967796743e-14,8.03411117376e-15,5.71353735217e-15,4.06316585156e-15,2.88954293112e-15,2.05501121342e-15,1.46158843208e-15,1.03961048574e-15,7.39534285335e-16,5.26131580324e-16,3.74356362044e-16,2.66398899564e-16,1.89599834897e-16,1.34959334219e-16,9.60788678455e-17,6.84088970601e-17,4.8714142591e-17,3.46939278563e-17,2.47118807328e-17,1.76039634833e-17
1.24304882957e-13,8.9111174285e-14,6.34077394777e-14,4.5111324782e-14,3.20900309014e-14,2.28247405169e-14,1.62333117474e-14,1.15447692721e-14,8.210076308e-15,5.83855196176e-15,4.15212316667e-15,2.95295863724e-15,2.10025141914e-15,1.49389636999e-15,1.06270314368e-15,7.56052249746e-16,5.37955290931e-16,3.82821685841e-16,2.72461254714e-16,1.93942054011e-16,1.38069838713e-16,9.83071353878e-17,7.00049498973e-17,4.98572324306e-17,3.55125063902e-17,2.52980292754e-17
1.78635801925e-13,1.28082215823e-13,9.11334929998e-14,6.48337271355e-14,4.61176329294e-14,3.28009691693e-14,2.33278501826e-14,1.65898854168e-14,1.1797732374e-14,8.38981933488e-15,5.96646465805e-15,4.24330120039e-15,3.01800306411e-15,2.14670173561e-15,1.5270968106e-15,1.08645049234e-15,7.73050261403e-16,5.50124797046e-16,3.91536433594e-16,2.78703053905e-16,1.98413143905e-16,1.4127267765e-16,1.00601180795e-16,7.1647895965e-17,5.10337348303e-17,3.63549322672e-17
2.56713565631e-13,1.84110333311e-13,1.30992052505e-13,9.31848678189e-14,6.62811348977e-14,4.71400645062e-14,3.35246005022e-14,2.3840622446e-14,1.69536346456e-14,1.20561897094e-14,8.57374794621e-15,6.09755826814e-15,4.3368272806e-15,3.08479175826e-15,2.19443775416e-15,1.56123988043e-15,1.11088866244e-15,7.90545698166e-16,5.62652944611e-16,4.00509130603e-16,2.85130053192e-16,2.03016910336e-16,1.44570028649e-16,1.02962600831e-16,7.33388473926e-17,5.22445006538e-17
3.68917395444e-13,2.64668953802e-13,1.88298189e-13,1.33943653994e-13,9.52670377061e-14,6.7751727154e-14,4.81808638717e-14,3.42619369498e-14,2.43637301422e-14,1.73253129559e-14,1.23206912574e-14,8.76226515735e-15,6.23204958681e-15,4.43286753989e-15,3.15343241811e-15,2.24353079547e-15,1.59637688942e-15,1.13604213826e-15,8.0855667889e-16,5.75551800119e-16,4.09747923305e-16,2.91747667945e-16,2.07756451222e-16,1.47964165592e-16,1.05392981405e-16,7.50790214981e-17
5.30163041156e-13,3.80510530639e-13,2.70697984402e-13,1.92546252603e-13,1.36939697943e-13,9.73832732789e-14,6.92490978586e-14,4.92415140623e-14,3.50143877671e-14,2.48983509954e-14,1.77057679681e-14,1.25918433594e-14,8.95570403501e-15,6.37017885448e-15,4.53158431254e-15,3.22403204238e-15,2.29405704753e-15,1.63254444402e-15,1.1619378198e-15,8.27101019835e-16,5.88833337204e-16,4.19260759579e-16,2.98560433881e-16,2.12635087365e-16,1.51457399639e-16,1.07894096416e-16
7.6188559737e-13,5.47107891756e-13,3.89192694553e-13,2.76812926794e-13,1.96857937597e-13,1.39985046197e-13,9.95373181032e-14,7.07750634161e-14,5.03240332541e-14,3.57835058012e-14,2.54456866591e-14,1.80958449205e-14,1.28701134868e-14,9.15439828981e-15,6.51217025147e-15,4.63312465834e-15,3.29669539462e-15,2.34606595239e-15,1.66977908825e-15,1.18859993946e-15,8.46195085508e-16,6.02508446347e-16,4.29053846065e-16,3.05572938786e-16,2.17656026195e-16,1.55052219345e-16
1.09488896513e-12,7.86717040001e-13,5.59608653237e-13,3.97996379019e-13,2.83021051325e-13,2.0124105791e-13,1.4308481639e-13,1.01733144453e-13,7.23327494982e-14,5.14308882345e-14,3.65711130472e-14,2.60069803017e-14,1.84962405629e-14,1.31559902145e-14,9.35867438486e-15,6.65823619694e-15,4.73763907881e-15,3.3714930939e-15,2.39960969325e-15,1.70811539993e-15,1.21605187995e-15,8.65854469116e-16,6.16586034516e-16,4.39133754412e-16,3.12790088212e-16,2.22822861094e-16
1.57344075029e-12,1.13139614627e-12,8.04730632676e-13,5.72291597809e-13,4.06934958933e-13,2.89329441444e-13,2.05703065649e-13,1.4624546294e-13,1.03975288229e-13,7.39260400862e-14,5.25645091012e-14,3.73790543524e-14,2.65832842619e-14,1.89076746102e-14,1.34499492089e-14,9.56883805209e-15,6.80859178037e-15,4.84522779064e-15,3.44849905723e-15,2.45473721735e-15,1.74758658142e-15,1.24431583041e-15,8.86091830787e-16,6.31075488617e-16,4.49507532859e-16,3.20216170701e-16
2.26115695154e-12,1.62729184979e-12,1.15737085232e-12,8.23006939489e-13,5.85164899286e-13,4.16019946614e-13,2.95754863191e-13,2.10254520037e-13,1.4947449652e-13,1.06269943477e-13,7.55586279806e-14,5.3728005611e-14,3.8208893586e-14,2.71756392235e-14,1.93308247942e-14,1.37524194607e-14,9.78518931481e-15,6.9633745325e-15,4.95599260806e-15,3.52778100623e-15,2.51149472425e-15,1.78822363142e-15,1.27340949814e-15,9.06920432656e-16,6.45986818984e-16,4.60181272891e-16
3.24945871559e-12,2.3409217184e-12,1.66476843233e-12,1.18371772251e-12,8.41564741995e-13,5.98259984738e-13,4.25281068283e-13,3.02315095776e-13,2.14909171411e-13,1.52781779825e-13,1.08622821463e-13,7.72352553577e-14,5.49235827899e-14,3.90621268471e-14,2.77849950073e-14,1.97662823759e-14,1.40638130172e-14,1.00079127917e-14,7.12272298916e-15,5.07002640534e-15,3.60940306387e-15,2.56992566306e-15,1.83005158536e-15,1.30335184885e-15,9.28354736782e-16,6.6132888053e-16
4.66972535328e-12,3.36814011243e-12,2.39505412499e-12,1.70282297098e-12,1.21051713025e-12,8.60473994605e-13,6.1163189826e-13,4.34752489048e-13,3.09034643116e-13,2.19682132902e-13,1.56176740603e-13,1.11041176946e-13,7.89591163116e-14,5.61533764565e-14,3.99400674167e-14,2.84121541479e-14,2.02146046462e-14,1.43843740959e-14,1.02371959001e-14,7.28676454285e-15,5.18741870609e-15,3.69342681966e-15,2.63006608365e-15,1.87309811927e-15,1.33416421748e-15,9.50407880878e-16
6.71075917058e-12,4.84745508532e-12,3.44662722499e-12,2.45022221485e-12,1.74166969945e-12,1.23792123571e-12,8.79847132216e-13,6.25350466119e-13,4.44478687927e-13,3.15938551694e-13,2.24589320991e-13,1.59669773339e-13,1.13529375049e-13,8.07329826246e-14,5.74189705938e-14,4.08436736619e-14,2.90578008622e-14,2.06760768986e-14,1.471433781e-14,1.04732067039e-14,7.45562295396e-15,5.30825812397e-15,3.77990598819e-15,2.69195800127e-15,1.91739597028e-15,1.36586689467e-15
9.64388379154e-12,6.97976722024e-12,4.96219879945e-12,3.52725923413e-12,2.50696853259e-12,1.78166581161e-12,1.26616317169e-12,8.99819045102e-13,6.39486259981e-13,4.54498015296e-13,3.23049298868e-13,2.29643809875e-13,1.63265818552e-13,1.16090334846e-13,8.25585618769e-14,5.87214762622e-14,4.1773821866e-14,2.97223288065e-14,2.11510692196e-14,1.50539901854e-14,1.07161648639e-14,7.6294589787e-15,5.43264562631e-15,3.86891657172e-15,2.75565813062e-15,1.96297941968e-15
1.38590124039e-11,1.00594343519e-11,7.15062058542e-12,5.08201761197e-12,3.61135749178e-12,2.56605484646e-12,1.8232536932e-12,1.29546611006e-12,9.20488860683e-13,6.5409228859e-13,4.64836531757e-13,3.30381892187e-13,2.34851338619e-13,1.66969267137e-13,1.18727558491e-13,8.44386413433e-14,6.00632517961e-14,4.27319613208e-14,3.04069056721e-14,2.16404122328e-14,1.54039077751e-14,1.0966452423e-14,7.80849881173e-15,5.56073024431e-15,3.96055762277e-15,2.82122149156e-15
1.99164806383e-11,1.45275780286e-11,1.03234512597e-11,7.3344223798e-12,5.21006373074e-12,3.7006880992e-12,2.6284939893e-12,1.86696904583e-12,1.32614063883e-12,9.42064006262e-13,6.69303468561e-13,4.75588911495e-13,3.37996327272e-13,2.40253196565e-13,1.70807616495e-13,1.21458691366e-13,8.63844714636e-14,6.1450620151e-14,4.37218763966e-14,3.11136666038e-14,2.21452779306e-14,1.57647091414e-14,1.12243569387e-14,7.99289189448e-15,5.69259499367e-15,4.05486251291e-15
2.86215344539e-11,2.11497990891e-11,1.50075352932e-11,1.06476748277e-11,7.55402265179e-12,5.35926325201e-12,3.80247616767e-12,2.69824960818e-12,1.91499593422e-12,1.35936898908e-12,9.65163413819e-13,6.85438932759e-13,4.86903360894e-13,3.45958584172e-13,2.45874197238e-13,1.74786614014e-13,1.24282209056e-13,8.83914558995e-14,6.28793538834e-14,4.47402230439e-14,3.18402398682e-14,2.26640942574e-14,1.61353618743e-14,1.14892707507e-14,8.18230318291e-15,5.82804220069e-15
4.11313750342e-11,3.07745997025e-11,2.17535812626e-11,1.54205118668e-11,1.092995993e-11,7.74586511209e-12,5.4907077204e-12,3.89317635959e-12,2.76123825795e-12,1.95899493811e-12,1.39025820249e-12,9.86948578558e-13,7.00852883016e-13,4.97839513231e-13,3.53735304039e-13,2.51414204538e-13,1.7873937809e-13,1.27104969125e-13,9.04088267595e-14,6.43219938985e-14,4.57723419388e-14,3.25789007618e-14,2.31927890872e-14,1.65138042505e-14,1.17601878253e-14,8.37622615967e-15
5.91089906423e-11,4.45706746668e-11,3.1511677735e-11,2.23118718474e-11,1.58213444134e-11,1.11719720527e-11,7.91598116022e-12,5.60930745912e-12,3.97639383221e-12,2.81994787876e-12,2.0005970561e-12,1.41985105539e-12,1.00804916179e-12,7.15927495322e-13,5.08624995667e-13,3.61460317988e-13,2.56952111652e-13,1.82710425749e-13,1.29953108892e-13,9.24517906713e-14,6.57874262317e-14,4.68234358195e-14,3.33326178447e-14,2.37331395044e-14,1.69011256023e-14,1.20377240642e-14
8.49442249826e-11,6.44810483151e-11,4.56490036168e-11,3.2209418813e-11,2.27961800006e-11,1.61267293044e-11,1.14284691566e-11,8.07556099944e-12,5.72700976816e-12,4.06141318879e-12,2.88034464525e-12,2.04359111862e-12,1.45049522746e-12,1.02991872162e-12,7.31552596296e-13,5.19799404637e-13,3.69459224791e-13,2.62680188379e-13,1.86814030972e-13,1.32893829541e-13,9.45596200956e-14,6.729843934e-14,4.79065174485e-14,3.41088873057e-14,2.42894813482e-14,1.72997402448e-14
1.22071469661e-10,1.60864413504e-10,6.54461045254e-11,4.63225948077e-11,3.27910580636e-11,2.31748940323e-11,1.64035690749e-11,1.16200011798e-11,8.23895781409e-12,5.85328513583e-12,4.13849375273e-12,2.93818133281e-12,2.08536776251e-12,1.48064234089e-12,1.05165567888e-12,7.47214174624e-13,5.3107779081e-13,3.77574405763e-13,2.68515780151e-13,1.91008104574e-13,1.35906719422e-13,9.67230369364e-14,6.8851063651e-14,4.90203637838e-14,3.49076272618e-14,2.48620134778e-14
1.75426213004e-10,2.30495059646e-10,9.37200414916e-11,6.62495778962e-11,4.6907568365e-11,3.31976016872e-11,2.35364842578e-11,1.67039092953e-11,1.18133407638e-11,8.38266491504e-12,5.94531535295e-12,4.22196673474e-12,2.99056265276e-12,2.12486672425e-12,1.51066530725e-12,1.07345424753e-12,7.63011151818e-13,5.42502831659e-13,3.85824612465e-13,2.74465519586e-13,1.95294067219e-13,1.38991178103e-13,9.89406745598e-14,7.04443120672e-14,5.01641535273e-14,3.57282832056e-14
2.5210113628e-10,3.30920443988e-10,1.34454506239e-10,9.51050476926e-11,6.73374244504e-11,4.76549948183e-11,3.37609688243e-11,2.3909905975e-11,1.69668016676e-11,1.20428053116e-11,8.53000775688e-12,6.05175846841e-12,4.29717057446e-12,3.05403346759e-12,2.17396655572e-12,1.54011009227e-12,1.09598042724e-12,7.79303418673e-13,5.54272859575e-13,3.94318418598e-13,2.80588916611e-13,1.99704425217e-13,1.42164571206e-13,1.01222247995e-13,7.20833046141e-14,5.13407826088e-14
3.62288975092e-10,4.78641943475e-10,2.87386253305e-10,1.37709197689e-10,9.73424600784e-11,6.8844408118e-11,4.8720089547e-11,3.45185546685e-11,2.44277353397e-11,1.7317223595e-11,1.22737715665e-11,8.71532628725e-12,6.19473703807e-12,4.38849770017e-12,3.11875592825e-12,2.2158536135e-12,1.57599032896e-12,1.11771385574e-12,7.95768646298e-13,5.66552330417e-13,4.03150633872e-13,2.86940353676e-13,2.04269798462e-13,1.4544487523e-13,1.03577788899e-13,7.37740064936e-14
5.20637484663e-10,6.94932452441e-10,4.17050118214e-10,2.00302056563e-10,1.41344852516e-10,9.98468062912e-11,7.04992220306e-11,4.98569650197e-11,3.52716752916e-11,2.49830733086e-11,1.76901525152e-11,1.25448287117e-11,8.89293408564e-12,6.31659476815e-12,4.48871118277e-12,3.18447075969e-12,2.26194205356e-12,1.60790612886e-12,1.14450969268e-12,8.16017218607e-13,5.78933673897e-13,4.12347711828e-13,2.93540598969e-13,2.09005696807e-13,1.48842060385e-13,1.060141241e-13
7.48196630514e-10,3.97299727874e-09,6.06049651808e-10,2.91676104603e-10,2.05267272193e-10,1.44605335133e-10,1.0202383002e-10,7.20555176941e-11,5.09067366008e-11,3.60135942216e-11,2.54972820668e-11,1.8071546231e-11,1.28213595806e-11,9.08863937778e-12,6.45174924488e-12,4.579486389e-12,3.2572133375e-12,2.31866229078e-12,1.64476984753e-12,1.17054791171e-12,8.32283837403e-13,5.93204010004e-13,4.24657783913e-13,3.00036119819e-13,2.1391605764e-13,1.52360757913e-13
1.07521685319e-09,5.72115915104e-09,8.77616470293e-10,4.23176797297e-10,2.97336988906e-10,2.09221172781e-10,1.47390034812e-10,1.03980918408e-10,7.34281344519e-11,5.19301703931e-11,3.67683061555e-11,2.6023594621e-11,1.84502239787e-11,1.30839796813e-11,9.28890172433e-12,6.59118555186e-12,4.68346707797e-12,3.32633937972e-12,2.3670059644e-12,1.68487484809e-12,1.19691055897e-12,8.51185270403e-13,6.05938818488e-13,4.31712851209e-13,3.08115035726e-13,2.18775888841e-13
1.54517039269e-09,8.22691980307e-09,1.26547330288e-09,7.95949250871e-10,4.2906402443e-10,3.01896568192e-10,2.12646680192e-10,1.50001623873e-10,1.05901431074e-10,7.48624859936e-11,5.29532077416e-11,3.75062508883e-11,2.65814827608e-11,1.88409135222e-11,1.33667241614e-11,9.48950321817e-12,6.74127452701e-12,4.79363640862e-12,3.40450903728e-12,2.42124848746e-12,1.72159604816e-12,1.22606991124e-12,8.73810457659e-13,6.20581417005e-13,4.4215275945e-13,3.14623156239e-13
2.22053024502e-09,1.18472844042e-08,6.04488762333e-09,1.1512002082e-09,6.20761824097e-10,4.36061708241e-10,3.0680189522e-10,2.1620355016e-10,1.52540338553e-10,1.07778659004e-10,7.62254154433e-11,5.39423792411e-11,3.82171454295e-11,2.70886064792e-11,1.92217620758e-11,1.36510658321e-11,9.68803232535e-12,6.88527546213e-12,4.89373811834e-12,3.48057659907e-12,2.47426350687e-12,1.76076132028e-12,1.25226800521e-12,8.92575172144e-13,6.35810501851e-13,4.52207408803e-13
3.19107497292e-09,1.69523253149e-08,8.64190643555e-09,1.6272444792e-09,1.05924732361e-09,6.16418608186e-10,4.34719685627e-10,3.06974121745e-10,2.17037790365e-10,1.53521141321e-10,1.08721493771e-10,7.70423374436e-11,5.46413824125e-11,3.87638310794e-11,2.75217700366e-11,1.95449862316e-11,1.38916980801e-11,9.87675078333e-12,7.02091508035e-12,4.99350082627e-12,3.55296534143e-12,2.52909169086e-12,1.8014932018e-12,1.28143493921e-12,9.12494654834e-13,6.4974254833e-13
4.58582336614e-09,2.43060810285e-08,1.23869029813e-08,6.59309200741e-09,1.51119453506e-09,8.79114345224e-10,6.20633196901e-10,4.38632870342e-10,3.10251732561e-10,2.19670156854e-10,1.55635819415e-10,1.10325679576e-10,7.82705245811e-11,5.55594804226e-11,3.94595555494e-11,2.80408161805e-11,1.99252233764e-11,1.41685453011e-11,1.00766893625e-11,7.17092930333e-12,5.10558028419e-12,3.63146892803e-12,2.58593761465e-12,1.84120508272e-12,1.31150004389e-12,9.33522838975e-13
6.5901854779e-09,3.47991322797e-08,1.77261154099e-08,9.43185075006e-09,2.14866169359e-09,1.250016086e-09,8.84362860966e-10,6.26090570902e-10,4.43529582871e-10,3.14319600014e-10,2.22897970826e-10,1.58143000038e-10,1.12263833964e-10,7.97366024035e-11,5.66328509945e-11,4.02547011924e-11,2.86183444401e-11,2.03537365662e-11,1.44762701765e-11,1.03010383408e-11,7.3298281924e-12,5.21874033637e-12,3.71653543539e-12,2.64545454751e-12,1.88379898897e-12,1.34174609671e-12
9.47061000077e-09,4.97926088889e-08,2.53476984189e-08,1.3482604968e-08,3.04542426255e-09,2.04165701747e-09,1.25674109906e-09,8.91729183917e-10,6.32854752575e-10,4.49281781056e-10,3.19030889326e-10,2.26592010173e-10,1.609954018e-10,1.1440050493e-10,8.13273777605e-11,5.78277843133e-11,4.11205182663e-11,2.92492378808e-11,2.08100102698e-11,1.48081588957e-11,1.0541921035e-11,7.50156249114e-12,5.34154029905e-12,3.80289751045e-12,2.70907573274e-12,1.93038968505e-12
1.36100044661e-08,7.18329513313e-08,3.6504404815e-08,1.93941214156e-08,1.07528921532e-08,2.91896429502e-09,1.79690709866e-09,1.27714081915e-09,9.07674390442e-10,6.45046312616e-10,4.58418274032e-10,3.25804955222e-10,2.31584002256e-10,1.64615328314e-10,1.1702540308e-10,8.32081739156e-11,5.91739138049e-11,4.2090330663e-11,2.99481965051e-11,2.13032383783e-11,1.5160886152e-11,1.07906375019e-11,7.68225272227e-12,5.46853006623e-12,3.89430037763e-12,2.77290611194e-12
1.95586368304e-08,1.03751195601e-07,5.27511946036e-08,2.80334177791e-08,1.55405569204e-08,4.24514313592e-09,2.60937557153e-09,1.85048188969e-09,1.31283614914e-09,9.31770198159e-10,6.61509249365e-10,4.69780837579e-10,3.33708369672e-10,2.37069342582e-10,1.68486968431e-10,1.19766225259e-10,8.51467986387e-11,6.05485061962e-11,4.30640484422e-11,3.06383681135e-11,2.18010292392e-11,1.55138465133e-11,1.10426411568e-11,7.86169323529e-12,5.59843778299e-12,3.98770713518e-12
2.81072850208e-08,1.48055034971e-07,7.51823098669e-08,3.99106829691e-08,2.21103763052e-08,1.27552933298e-08,4.07917902864e-09,2.61233097e-09,1.85918070883e-09,1.32298701174e-09,9.41313935182e-10,6.69699203902e-10,4.76443683975e-10,3.38940201475e-10,2.41109191024e-10,1.71529337389e-10,1.22033025067e-10,8.68289960117e-11,6.17907694141e-11,4.39701709496e-11,3.12950715352e-11,2.22768861841e-11,1.58608987832e-11,1.129545279e-11,8.04233848697e-12,5.72822515514e-12
4.03923585315e-08,2.14193146177e-07,1.08339860278e-07,5.75332914639e-08,3.18794540289e-08,1.83880583933e-08,5.89279672345e-09,3.76791731059e-09,2.67763006437e-09,1.90306741754e-09,1.35270659085e-09,9.61686974449e-10,6.83814273006e-10,4.86287316625e-10,3.45868859672e-10,2.46043419815e-10,1.75067689673e-10,1.24562055622e-10,8.86529471687e-11,6.31009343652e-11,4.49195472523e-11,3.19801904537e-11,2.27721783421e-11,1.62164219734e-11,1.15507174383e-11,8.22826488426e-12
5.80469663481e-08,3.10189350883e-07,1.57047076111e-07,8.34983268289e-08,4.62818399743e-08,2.66971849353e-08,1.59677778374e-08,5.94149142563e-09,3.89593307705e-09,2.76130986288e-09,1.95830603409e-09,1.38961681657e-09,9.86617073982e-10,7.00806827575e-10,4.9800642736e-10,3.54010684758e-10,2.51739198333e-10,1.79068270853e-10,1.27410139611e-10,9.06678539457e-11,6.45351571766e-11,4.59450364148e-11,3.27148394535e-11,2.32994406044e-11,1.65930853899e-11,1.18201951992e-11
8.34180133251e-08,4.47407477894e-07,2.27763672029e-07,1.20527783564e-07,6.68155393363e-08,3.85233495481e-08,2.30346557499e-08,8.58869108159e-09,5.62361345395e-09,3.98154730959e-09,2.82131292043e-09,2.00073772552e-09,1.41976369456e-09,1.00807944123e-09,7.1612552431e-10,5.08960813784e-10,3.61869501985e-10,2.57368990975e-10,1.83099847559e-10,1.30296462684e-10,9.27376387475e-11,6.60252505405e-11,4.70078988664e-11,3.34778783306e-11,2.38435309257e-11,1.69848972812e-11
1.19878184596e-07,6.38997558136e-07,3.24098364334e-07,1.71393000051e-07,9.49860057244e-08,5.47866227723e-08,3.27725793453e-08,2.02454006235e-08,8.46563114997e-09,5.6642698143e-09,4.02309847329e-09,2.85828186513e-09,2.03126832429e-09,1.4439019493e-09,1.0266579091e-09,7.30142961332e-10,5.19366907085e-10,3.695267192e-10,2.62961251433e-10,1.87162323946e-10,1.33228203154e-10,9.48535136432e-11,6.75440546682e-11,4.81035194746e-11,3.4260143229e-11,2.44051830664e-11
1.72274291477e-07,9.19468159999e-07,4.62975837698e-07,2.45758809161e-07,1.35404170491e-07,7.80576323447e-08,4.6687800079e-08,2.88544199548e-08,1.20261609771e-08,8.05649777982e-09,5.73444239067e-09,4.08142955685e-09,2.90479825617e-09,2.06732078574e-09,1.47128925779e-09,1.04712707913e-09,7.45278822825e-10,5.30472900519e-10,3.77605845216e-10,2.68813593061e-10,1.91384841999e-10,1.36276371559e-10,9.70428322056e-11,6.91134339187e-11,4.92268912832e-11,3.50679757857e-11
2.47571579466e-07,1.32380287655e-06,6.70053154152e-07,3.54993786262e-07,1.95734982608e-07,1.1271476572e-07,6.74566462949e-08,4.16852822858e-08,2.64665068299e-08,1.22017612643e-08,8.28101313469e-09,5.8877836809e-09,4.18671076529e-09,2.97749028374e-09,2.11781545772e-09,1.50655377741e-09,1.0718753525e-09,7.62730684653e-10,5.42819146252e-10,3.86374057385e-10,2.75051244832e-10,1.95829839177e-10,1.394486919e-10,9.93121645888e-11,7.07347216221e-11,5.03879690747e-11
3.55779649034e-07,1.96598550133e-06,9.81842493184e-07,5.19400280233e-07,2.88162055042e-07,1.64662951986e-07,9.92005283172e-08,6.07000351959e-08,3.84936165521e-08,1.77993885304e-08,1.20425177147e-08,8.54042550114e-09,6.06030201919e-09,4.30264665355e-09,3.0561863208e-09,2.17173380528e-09,1.54381961407e-09,1.09783441449e-09,7.80909227587e-10,5.55624376265e-10,3.95432657461e-10,2.81487045317e-10,2.00412836198e-10,1.42713984096e-10,1.01643586829e-10,7.24033210018e-11
5.11283075948e-07,2.83046944489e-06,1.43128026123e-06,7.52772347792e-07,4.17327082735e-07,2.40731140799e-07,1.42293761081e-07,8.78644774537e-08,5.57815468736e-08,3.62016388772e-08,1.78844730321e-08,1.22352804093e-08,8.68793108187e-09,6.17136959176e-09,4.38529510601e-09,3.11714946018e-09,2.21640166359e-09,1.57637241007e-09,1.12145729456e-09,7.98007377258e-10,5.67979812057e-10,4.04332108083e-10,2.87887185923e-10,2.05015515581e-10,1.46025121932e-10,1.04017552702e-10
7.34753616349e-07,4.04164528834e-06,2.06511953043e-06,1.09117736072e-06,5.96160765557e-07,3.42800391517e-07,2.05617860474e-07,1.27344738156e-07,7.9957759479e-08,5.18769438075e-08,2.60417019254e-08,1.83470605176e-08,1.25228577017e-08,8.78860896828e-09,6.25541165997e-09,4.45261967435e-09,3.16962016973e-09,2.25648376934e-09,1.60654090645e-09,1.14390995568e-09,8.14585493065e-10,5.80129679134e-10,4.1319588839e-10,2.94324751242e-10,2.09676024332e-10,1.49385786011e-10
1.05589819443e-06,5.8420460974e-06,2.9654304935e-06,1.58165353215e-06,8.70452564757e-07,4.95239967103e-07,2.9640352557e-07,1.81937838523e-07,1.15544160923e-07,7.54105437389e-08,4.99112992782e-08,2.60193407962e-08,1.79461195118e-08,1.28842038446e-08,9.15130599394e-09,6.37572738326e-09,4.54041388058e-09,3.23364222381e-09,2.30314335737e-09,1.64050067037e-09,1.16860054142e-09,8.32493107718e-10,5.93095099755e-10,4.22569348168e-10,3.01092086801e-10,2.14549853449e-10
1.51740797486e-06,8.38431001099e-06,4.28539836439e-06,2.26788685887e-06,1.2609099585e-06,7.21128075159e-07,4.26242836758e-07,2.63061208407e-07,1.66318418915e-07,1.08019825305e-07,7.14969997051e-08,4.85556058986e-08,2.74932664244e-08,1.91053732041e-08,1.3293907491e-08,9.50758523106e-09,6.74588421875e-09,4.72985509246e-09,3.31274226409e-09,2.35923549121e-09,1.68033251922e-09,1.19689925527e-09,8.52624762907e-10,6.07426129421e-10,4.32779425374e-10,3.08371738778e-10
2.18063348751e-06,1.21297010411e-05,6.19366934184e-06,3.30834273796e-06,1.82555390799e-06,1.05579955868e-06,6.29359803745e-07,3.81957824604e-07,2.42071424325e-07,1.57172275679e-07,1.03804923233e-07,7.00145607732e-08,4.74126135209e-08,2.81078522945e-08,1.95201447022e-08,1.39620146982e-08,9.71815728729e-09,6.89481099307e-09,4.89989698382e-09,3.47921380016e-09,2.41997005529e-09,1.72304844189e-09,1.22701456992e-09,8.73908899554e-10,6.22498497124e-10,4.43469540271e-10
3.13374022386e-06,1.73914669762e-05,8.9063137522e-06,4.74361162837e-06,2.64020283135e-06,1.51354677145e-06,9.11564104545e-07,5.57408049688e-07,3.52725292789e-07,2.26320104448e-07,1.49031860979e-07,1.01119640703e-07,6.85738734669e-08,4.05884810332e-08,2.8153591712e-08,2.00520853239e-08,1.42057020341e-08,1.00624254795e-08,7.06644582541e-09,5.01459242458e-09,3.5655596964e-09,2.53273555584e-09,1.78264686161e-09,1.25526570439e-09,8.94226036163e-10,6.37096951845e-10
4.50342886455e-06,2.49036146805e-05,1.2702737375e-05,6.78405476057e-06,3.76069696824e-06,2.17325032201e-06,1.29652486767e-06,8.00931167008e-07,5.03056507976e-07,3.26970432207e-07,2.12548653961e-07,1.44157379928e-07,9.78386582085e-08,6.74101331473e-08,4.08676375492e-08,2.87033162238e-08,2.03320279456e-08,1.44116204363e-08,1.02312384022e-08,7.25912273903e-09,5.15713287133e-09,3.63492513219e-09,2.58379455432e-09,1.83715914726e-09,1.30661995026e-09,9.15364011681e-10
6.47177815941e-06,3.59177361874e-05,1.84179162186e-05,9.85734805745e-06,5.46902061376e-06,3.16773118182e-06,1.9003596861e-06,1.16391649174e-06,7.38429488454e-07,4.76407827261e-07,3.13801979376e-07,2.09629355341e-07,1.42031515469e-07,9.77849059583e-08,6.73077679749e-08,4.21233757974e-08,2.94561625933e-08,2.08557255831e-08,1.47911504947e-08,1.04851046299e-08,7.44481506184e-09,5.28261737626e-09,3.75019522077e-09,2.66186241536e-09,1.88177336911e-09,1.33817412244e-09
9.30044945848e-06,5.15467889437e-05,2.64489578616e-05,1.41597387705e-05,7.90034181806e-06,4.55994045393e-06,2.74644771577e-06,1.69166120083e-06,1.06304498967e-06,6.92184204596e-07,4.52880536758e-07,3.02815890487e-07,2.04605332245e-07,1.40836478616e-07,9.69362269359e-08,6.74782099068e-08,4.2854311159e-08,3.00494720266e-08,2.13043917241e-08,1.50975538654e-08,1.07168659639e-08,7.60248194426e-09,5.39591008059e-09,3.83155709171e-09,2.72188278214e-09,1.93415417547e-09
1.33654705089e-05,7.32038653073e-05,3.74992075382e-05,2.00256578895e-05,1.11595190742e-05,6.46340138965e-06,3.87593249733e-06,2.39587665352e-06,1.51439822113e-06,9.85828788848e-07,6.45483347172e-07,4.29258571106e-07,2.90585556741e-07,2.00236402651e-07,1.37695454325e-07,9.5973462966e-08,6.68001867106e-08,4.31648977622e-08,3.04025344684e-08,2.15651487809e-08,1.53206076286e-08,1.08764454402e-08,7.72471827018e-09,5.48839042927e-09,3.90084734249e-09,2.77339370054e-09
1.92072224812e-05,0.00010447561808,5.34755233539e-05,2.85709586019e-05,1.59157079695e-05,9.21723279075e-06,5.530015649e-06,3.42018191553e-06,2.17143744081e-06,1.40863974075e-06,9.29970498215e-07,6.18477927422e-07,4.16340352844e-07,2.87036401175e-07,1.97564551575e-07,1.37484169129e-07,9.57273786768e-08,6.69009739773e-08,4.38879902345e-08,3.09404870737e-08,2.19839577119e-08,1.5608911375e-08,1.10871442143e-08,7.8782614026e-09,5.60002243073e-09,3.98185323837e-09
2.76022752209e-05,0.000149187284109,7.65384798707e-05,4.09347236489e-05,2.28212411026e-05,1.32261391173e-05,7.93830408631e-06,4.91376561053e-06,3.12182194703e-06,2.02711650464e-06,1.33941601613e-06,8.97645048983e-07,6.04061741711e-07,4.16148825895e-07,2.84981982437e-07,1.98375378383e-07,1.37881263802e-07,9.63525894988e-08,6.75940008963e-08,4.48141223885e-08,3.16636344751e-08,2.24760945015e-08,1.59612816162e-08,1.13392669048e-08,8.05857161556e-09,5.72893394545e-09
3.96666201016e-05,0.000212992343799,0.000109470133614,5.85945479283e-05,3.26802493122e-05,1.89502870757e-05,1.13731489424e-05,7.04311924411e-06,4.47649754058e-06,2.90727535747e-06,1.92150798715e-06,1.28803258117e-06,8.73199257908e-07,5.9724188809e-07,4.11494700214e-07,2.85127893773e-07,1.98261299225e-07,1.38348267213e-07,9.70626151638e-08,6.81962259085e-08,4.57013634329e-08,3.22905659019e-08,2.29316895451e-08,1.62916781241e-08,1.15784653978e-08,8.23148140849e-09
5.7004023679e-05,0.000302412645475,0.000155727362544,8.34227447084e-05,4.65645589036e-05,2.70119762578e-05,1.62274793817e-05,1.00516014543e-05,6.38922374607e-06,4.1507594131e-06,2.74478216584e-06,1.84080719091e-06,1.24853114536e-06,8.54333180881e-07,5.88837485823e-07,4.0817991839e-07,2.84238340534e-07,1.98656503838e-07,1.39257319382e-07,9.77501306755e-08,6.89042418419e-08,4.65072688416e-08,3.28983419117e-08,2.33769492981e-08,1.66168427437e-08,1.21384771535e-08
8.19192234495e-05,0.000430374798077,0.000222448447111,0.000119365206103,6.66952792021e-05,3.8727866166e-05,2.33045954451e-05,1.44496683648e-05,9.19209014578e-06,5.97439325991e-06,3.95081327011e-06,2.65010661022e-06,1.79741231619e-06,1.23001728377e-06,8.47671113768e-07,5.87513784494e-07,4.09023013878e-07,2.85814303532e-07,2.0031712066e-07,1.407397743e-07,9.90825742211e-08,6.98741197575e-08,4.74819577467e-08,3.36125935263e-08,2.38896995781e-08,1.74483380263e-08
0.000117724306768,0.000605738696665,0.000314162139043,0.000168782492888,9.43653806473e-05,5.48428392923e-05,3.30130542078e-05,2.04958049076e-05,1.30557738306e-05,8.49821884602e-06,5.62737280276e-06,3.77624680366e-06,2.5632752187e-06,1.75611733463e-06,1.21139989938e-06,8.40184036982e-07,5.85333962126e-07,4.09195288665e-07,2.86940277853e-07,2.01695394984e-07,1.42051319486e-07,1.00209512181e-07,7.07899041861e-08,5.00655281073e-08,3.42964926494e-08,2.50495299502e-08
0.00016917900122,0.000850111731319,0.000443139391371,0.000238549301991,0.000133563439251,7.77349700642e-05,4.68288886013e-05,2.9113152446e-05,1.85770775988e-05,1.21052091758e-05,8.02632269875e-06,5.39638567642e-06,3.66648652006e-06,2.51287980811e-06,1.73489683734e-06,1.20422286486e-06,8.39393120184e-07,5.87147701202e-07,4.11819719942e-07,2.89554429481e-07,2.03972639139e-07,1.43915111751e-07,1.01676252924e-07,7.19164596811e-08,5.09163286406e-08,3.60742884577e-08
0.0002431234062,0.00118346072589,0.000621509082,0.000335518966077,0.000188174825563,0.000109720838242,6.6248864325e-05,4.1257501399e-05,2.63691600781e-05,1.721739871e-05,1.1433715453e-05,7.6970139293e-06,5.23730247144e-06,3.59418963973e-06,2.48228990636e-06,1.72424854518e-06,1.20256328583e-06,8.41686778075e-07,5.90664458729e-07,4.15422700993e-07,2.92709132737e-07,2.06578104612e-07,1.45971738957e-07,1.03261926735e-07,7.31179592194e-08,5.18114579538e-08
0.000349387277475,0.00163941496565,0.00087118896051,0.000472930303426,0.000266192977875,0.000155500641267,9.41098585279e-05,5.87325111755e-05,3.75991688202e-05,2.4578484421e-05,1.63420385859e-05,1.10121781739e-05,7.49991686766e-06,5.14945227929e-06,3.5587844806e-06,2.47239583368e-06,1.72473287325e-06,1.20731382521e-06,8.47471365339e-07,5.96170181881e-07,4.20155139432e-07,2.96539910858e-07,2.09575332478e-07,1.48274628867e-07,1.05001319013e-07,7.44143921925e-08
0.000502096739961,0.00223727504539,0.00120672633636,0.000659687362857,0.000372887070766,0.000218833783307,0.000132886855506,8.31654583387e-05,5.33808812299e-05,3.49686221071e-05,2.32907516903e-05,1.57161095035e-05,1.07158684641e-05,7.36692691408e-06,5.09435277349e-06,3.54172504344e-06,2.47197893008e-06,1.73094667557e-06,1.21542952245e-06,8.55257421446e-07,6.02902876907e-07,4.25636205046e-07,3.00851723697e-07,2.12885496862e-07,1.50775875317e-07,1.06869389628e-07
0.00072155213579,0.0029994245202,0.00164653956939,0.000907432930299,0.000515508988232,0.000303837241625,0.000185280256894,0.000116422609251,7.5014317335e-05,4.93156734835e-05,3.29492827538e-05,2.22939911205e-05,1.52336208369e-05,1.04908534578e-05,7.2684014469e-06,5.05981943948e-06,3.53579347654e-06,2.47821576015e-06,1.74118594431e-06,1.22602566106e-06,8.64624189366e-07,6.10624533849e-07,4.31753626278e-07,3.05573756321e-07,2.16463200011e-07,1.53457162763e-07
0.00103692663829,0.00396893951148,0.00223482192038,0.0012482721168,0.000715092311262,0.000424037225657,0.000259912093387,0.000164038203285,0.000106068421697,6.99512436549e-05,4.68514861354e-05,3.1760997109e-05,2.17361538261e-05,1.49881258721e-05,1.03940295305e-05,7.24135850966e-06,5.0634325065e-06,3.55087940748e-06,2.49606271847e-06,1.75806585544e-06,1.24017093627e-06,8.76068951208e-07,6.19585650265e-07,4.38613776624e-07,3.10753943364e-07,2.20335228901e-07
0.00149014437053,0.00512527828053,0.00297390750815,0.0016883362575,0.000977361788454,0.000584225706365,0.000360684605453,0.000229111120179,0.000148934275514,9.86501169215e-05,6.63113862544e-05,4.50862645718e-05,3.09265304297e-05,2.13628261067e-05,1.48374144818e-05,1.03493916991e-05,7.24367557258e-06,5.08378736758e-06,3.57583196689e-06,2.51980962044e-06,1.77838457159e-06,1.25663243602e-06,8.88937161337e-07,6.29457516997e-07,4.46060504066e-07,3.16329927493e-07
0.00214145356385,0.0064506081695,0.0038842241668,0.00225411181087,0.00132288778017,0.000799238155068,0.000497415987904,0.00031821185815,0.000208132859668,0.000138564398986,9.35230061978e-05,6.3807180983e-05,4.38934538406e-05,3.0388628161e-05,2.11463167706e-05,1.47712378256e-05,1.03513308328e-05,7.27211396474e-06,5.1198885855e-06,3.60979024526e-06,2.54896193622e-06,1.80204840881e-06,1.2751738396e-06,9.03185088072e-07,6.40172851359e-07,4.5408034317e-07
0.0030774356209,0.00794059222747,0.00498360315195,0.00296858809005,0.00177274774178,0.00108478904883,0.000682954982648,0.000440984531123,0.000290596194015,0.000194605134812,0.000131968886745,9.0365967282e-05,6.23391326385e-05,4.32570528491e-05,3.01528145106e-05,2.10923501767e-05,1.47965859672e-05,1.04042264624e-05,7.32937587963e-06,5.1712620373e-06,3.65328616115e-06,2.58370590249e-06,1.82903570627e-06,1.29575285087e-06,9.18662199538e-07,6.5173480497e-07
0.00442251476316,0.00962260001258,0.00626177997748,0.00386039528372,0.00236118543482,0.00146964277652,0.000936258486694,0.000610248935518,0.000405179659085,0.000272994936826,0.000186015054102,0.000127841662237,8.84563266084e-05,6.15197053417e-05,4.29605173069e-05,3.00969980117e-05,2.11384408758e-05,1.48775793646e-05,1.04890175305e-05,7.40536170461e-06,5.23444235232e-06,3.70362202827e-06,2.62276329319e-06,1.85874435509e-06,1.31815675303e-06,9.3530222525e-07
0.00635549829136,0.0115303887063,0.00775785593627,0.00493964903412,0.00309050032592,0.00195865874588,0.0012667137677,0.000835440109767,0.000560091936713,0.000380272673195,0.000260725748256,0.000180078145729,0.000125087651439,8.72711360709e-05,6.10938151418e-05,4.28848664201e-05,3.01683285347e-05,2.12594064111e-05,1.50031681883e-05,1.06008963959e-05,7.49797198965e-06,5.30801779215e-06,3.76048475965e-06,2.66593558455e-06,1.8911128451e-06,1.342233833e-06
0.00913334622825,0.0137534952727,0.00955784662284,0.00632064857114,0.00406412106399,0.00262652646671,0.00172504550002,0.00115154717633,0.00077908000135,0.000532736408107,0.000367229381587,0.000254704877155,0.00017748397112,0.000124125629627,8.70596891196e-05,6.11989258342e-05,4.3101762611e-05,3.04014636978e-05,2.14712614123e-05,1.51803495902e-05,1.07424588034e-05,7.60808150418e-06,5.39195068737e-06,3.82373140887e-06,2.7130082606e-06,1.92591033894e-06
0.0131253301474,0.0166481710951,0.0119250853611,0.00811830198659,0.00536569379205,0.00353817565874,0.00235878995703,0.00159254030208,0.00108702457744,0.000748094478859,0.000518160985681,0.000360686908572,0.00025204074319,0.000176653070355,0.000124108827963,8.73603103232e-05,6.15896879451e-05,4.34791145682e-05,3.07281294943e-05,2.17377631365e-05,1.53902506837e-05,1.09040140232e-05,7.73050913775e-06,5.48370106819e-06,3.89187292444e-06,2.76330612385e-06
0.0188621220713,0.0208162118836,0.015075829985,0.0104618912703,0.00709807338798,0.0047739309626,0.00322854942601,0.00220301669332,0.00151529108361,0.00104956790187,0.000730462242925,0.000510337226451,0.000357641647944,0.000251223446076,0.000176806429801,0.000124631922121,8.79685338164e-05,6.21582685716e-05,4.39620807642e-05,3.11186446242e-05,2.20436069542e-05,1.56246392733e-05,1.10812539056e-05,7.86303526937e-06,5.58200848585e-06,3.96434794869e-06
0.0271063390436,0.0289376021042,0.0194040295974,0.0136867255954,0.00949750505137,0.0065018691429,0.00445336742406,0.00306561078019,0.00212250404824,0.00147690181822,0.00103188493002,0.00072312516922,0.000507958225516,0.000357500899616,0.000251997248641,0.000177863494692,0.000125669536609,8.88738133641e-05,6.29020522984e-05,4.45506535422e-05,3.15735057254e-05,2.23890549536e-05,1.58840893101e-05,1.12744102946e-05,8.0057864898e-06,5.68696114167e-06
0.0389539211744,0.0395830919754,0.0255383513404,0.0182435297734,0.0129026806026,0.00898688384207,0.00622472846632,0.00431656273635,0.00300267864359,0.00209549037157,0.00146698233966,0.00102968841311,0.000724185832126,0.000510142099304,0.000359861015325,0.00025415238791,0.000179678544583,0.000127134941898,9.00230375943e-05,6.37863833666e-05,4.52221494085e-05,3.20780374681e-05,2.27649288483e-05,1.61629043613e-05,1.14798644328e-05,8.15652293772e-06
0.0559798197912,0.0534168714703,0.0342297111728,0.0246839561487,0.0175352416042,0.0123210469301,0.00860906515268,0.00601305741705,0.00420639974483,0.00294973907232,0.00207260268336,0.00145897242673,0.00102853534554,0.000725959321284,0.000512879052568,0.000362652818488,0.000256626169649,0.000181723574713,0.000128760363684,9.12828466254e-05,6.47459662945e-05,4.59446658457e-05,3.26167468089e-05,2.31641436016e-05,1.64570332367e-05,1.16956949924e-05
0.0804473626628,0.0719572837282,0.0480299992231,0.0337145570613,0.0241367368518,0.0171388089358,0.0120592420167,0.0084660405047,0.00594638106556,0.00418186467423,0.00294462376794,0.002076044906,0.00146519716711,0.00103506055145,0.00073185809163,0.000517835913275,0.000366643933965,0.000259758263153,0.000184138091774,0.000130599152045,9.26693973766e-05,6.57835250277e-05,4.67163127733e-05,3.31875093753e-05,2.35844006714e-05,1.67653270939e-05
0.115609128138,0.0974811644266,0.0672571787721,0.0466009084961,0.0334579624299,0.0238710513833,0.0168794382269,0.0119019858027,0.00838856606736,0.00591477272267,0.00417382869509,0.00294773213092,0.00208330278621,0.00147350480929,0.00104287111382,0.000738583012902,0.000523356297477,0.000371034225609,0.000263171473934,0.000186749787744,0.000132574878263,9.41504966595e-05,6.68861350149e-05,4.75323289989e-05,3.3788488791e-05,2.40256096738e-05
0.166139324727,0.133016493239,0.0937129183544,0.0646587044707,0.0464952204107,0.0333124932742,0.0237263343078,0.0168132286321,0.0118790167065,0.0083875544476,0.00592433249971,0.00418757781491,0.00296226860926,0.00209702377871,0.00148539341101,0.00105281631261,0.000746620968259,0.000529711599183,0.000375959342301,0.000266934217145,0.000189592915042,0.0001347044474,9.57348150629e-05,6.80580326848e-05,4.83954356903e-05,3.44218693132e-05
0.238755154246,0.183620235331,0.130753626286,0.0915192395853,0.0650840589149,0.0466663457869,0.033284330456,0.0236393622436,0.0167513563494,0.0118573951717,0.00837560972713,0.00593370473987,0.00420704699574,0.00298224018499,0.00211485577964,0.00150028405658,0.00106475298498,0.000755938434789,0.000536874260381,0.000381402158639,0.000271030638453,0.000192654512637,0.000136978872999,9.74164515544e-05,6.92962732148e-05,4.93038029065e-05
0.343109759068,0.25611257046,0.183206512,0.129618650309,0.0916019838781,0.0655991528807,0.0468838939551,0.0334210723599,0.0237427554956,0.0168337097273,0.0119131250803,0.00844469409611,0.00598827834562,0.00424827406215,0.00301485404369,0.0021402508299,0.00151982313119,0.00107960753907,0.0007671251755,0.000545251288081,0.000387637774032,0.000275649272008,0.000196060574986,0.00013948135694,9.92499729476e-05,7.06358159786e-05
0.493075456903,0.360069905258,0.25771818435,0.183420162433,0.129311696217,0.0926195683827,0.0662188254226,0.0472031561522,0.0335855263087,0.0238552096773,0.0169174274829,0.012007138391,0.00852583492429,0.00605343722704,0.00429907371128,0.00305395363331,0.00217002820209,0.00154230321386,0.0010964465102,0.000779658121224,0.000554529706613,0.000394483586606,0.000280681116062,0.000199746755528,0.00014217452598,0.000101212976404
0.708587849149,0.509147436205,0.364194404802,0.259972074958,0.18439195883,0.131165318801,0.0937649269142,0.0669435011511,0.0476705407548,0.0338950196285,0.0240754636689,0.0171056539691,0.0121496446057,0.0086326617669,0.0061348727299,0.00436068867894,0.00310024813419,0.00220458683817,0.00156799221748,0.00111541683587,0.000793624827627,0.000564772465409,0.000401978490399,0.000286150705154,0.000203729303122,0.000145068965658
1.01829594828,0.722886316216,0.516624961032,0.369151347891,0.262841501341,0.186288360729,0.133100016709,0.0950436811094,0.0677232933656,0.0482085073558,0.034282389265,0.024375690486,0.0173325116829,0.0123232957626,0.00876279871212,0.00623195564954,0.00443276507946,0.00315352283819,0.00224381212968,0.00159677701582,0.00113648364842,0.000809002246724,0.00057596838108,0.000410114629706,0.000292055078384,0.000208006167815
1.46337061739,1.02861251627,0.734696412378,0.525014101465,0.374459585096,0.265645359587,0.189504401179,0.135219614523,0.0964395655163,0.0687039035693,0.048901671422,0.0347910029504,0.0247508392904,0.0176079404582,0.0125271628939,0.00891331270476,0.00634273598649,0.00451405089711,0.00321299259676,0.00228720907115,0.0016283761724,0.00115945217635,0.000825663807817,0.00058803375291,0.000418842404004,0.000298360980699
2.10297759455,1.46525389427,1.04630347258,0.747522898331,0.53373717063,0.379725742226,0.270219948311,0.192812610665,0.137537284639,0.0980307757862,0.0698232288405,0.0497088203446,0.0353828538802,0.0251839238449,0.0179250483354,0.0127590997246,0.00908267731972,0.00646613357423,0.00460379163146,0.00327813964684,0.00233443128155,0.00166255814535,0.00118416389866,0.000843507364088,0.000600904804005,0.000428117454849
3.02214265518,2.08759226552,1.49098669242,1.06521928065,0.760855240503,0.54233337262,0.385712046035,0.275221581422,0.196348173259,0.140004559755,0.0997687299753,0.0710692184064,0.0506120773994,0.0360398740147,0.0256624075557,0.018273350091,0.013012387461,0.00926655165593,0.00659941875582,0.00470026512262,0.0033478808256,0.00238479272608,0.00169888385152,0.00121034633363,0.000862357791679,0.000614468151429
4.34305446332,2.97215098725,2.12397033428,1.51799662903,1.0847341906,0.774210296845,0.551322380498,0.393089068316,0.280484460814,0.20007276907,0.142647166239,0.101661105359,0.0724320118451,0.0515985368958,0.0367549725885,0.0261809616108,0.0186491478395,0.0132843847515,0.00946317480764,0.0067413961003,0.00480267910414,0.00342169210851,0.00243793968872,0.00173712282261,0.00123784052859,0.000882115722132
6.2413076494,4.22398955377,3.02147209011,2.16079935531,1.54495709257,1.10375514127,0.787341661312,0.56137130558,0.400701531654,0.285953784374,0.203978885106,0.145445846521,0.103677505369,0.0738888243098,0.0526524616379,0.0375173110745,0.026732302704,0.0190474569185,0.0135718600612,0.00967045677927,0.00689072292247,0.00491017233206,0.00349900838484,0.00249351240499,0.00177704386185,0.00126650336672
8.96924537867,5.98942968992,4.2902649604,3.07150891986,2.19798377814,1.5718342849,1.12280391746,0.801214109813,0.572162515609,0.408520090312,0.291573630365,0.208022360715,0.1483623827,0.105785687203,0.0754141691053,0.0537560405316,0.0383151912623,0.027308652078,0.0194633473409,0.0138716831689,0.00988641332331,0.00704614311753,0.00502193223557,0.00357931708691,0.00255118701496,0.00181844228238
12.8895044407,8.46369107954,6.07425000354,4.355480367,3.12078750049,2.23444659579,1.59833018223,1.14219593131,0.816101773571,0.583112023343,0.416478757525,0.297335076501,0.212192509761,0.151382813249,0.107973972071,0.0769988813772,0.0549028296004,0.0391438117531,0.0279068352385,0.0198947163874,0.0141824648959,0.0101101402854,0.00720704949643,0.00513757091513,0.00366236990137,0.0026108032577
18.5232221567,11.9018807653,8.56340652912,6.1539145738,4.4176061672,3.16817749293,2.26989271443,1.62466797138,1.1620584626,0.831128156157,0.594158863533,0.424544949884,0.303208966899,0.216458393527,0.154482851845,0.110224517052,0.0786309228553,0.0560843654791,0.0399979729727,0.0285233935964,0.0203393759215,0.0145028285521,0.0103407297454,0.00737287726348,0.00525673468873,0.00374794527948
26.6193134613,16.6343205724,12.0067330108,8.65287783068,6.22706326202,4.47549002291,3.21291769532,2.3040187735,1.65067765575,1.18206095806,0.846022665637,0.605154432301,0.432620947951,0.309122742625,0.220786486842,0.157639567553,0.112522386702,0.0802997743558,0.0572940542717,0.0408733369319,0.0291557243229,0.0207956933624,0.0148317161381,0.0105775374134,0.00754322569286,0.00537917664497
38.2540274663,23.0647975337,16.713236842,12.0885757748,8.72798647039,6.29120023256,4.52806427095,3.254732031,2.33675681621,1.67620941081,1.20154769924,0.860654100989,0.616039355112,0.440674370839,0.315057220539,0.225144388895,0.160830417899,0.114851448986,0.0819952867907,0.0585254616009,0.0417658580809,0.0298012878857,0.0212620329867,0.0151681289114,0.0108199453891,0.00771772112369
54.974018001,31.6571571492,23.0551809236,16.747754845,12.1421674296,8.78519469584,6.3443919391,4.57410461932,3.2928355087,2.36748782908,1.70052647295,1.22025573701,0.874853087004,0.626711053275,0.448636414443,0.320965195637,0.229507662288,0.16403852858,0.117201247097,0.0837108101181,0.0597743965175,0.0426729075872,0.0304584345134,0.0217373677368,0.0155114359793,0.0110675674914
79.0019471241,42.859984266,31.417659389,22.9583030404,16.7289629487,12.1617832423,8.8208558797,6.38431170995,4.61212686183,3.32619798792,2.39545233278,1.72298919764,1.23786915471,0.888430823192,0.637046777184,0.456428048982,0.32679622855,0.233841898616,0.167242310376,0.11955826805,0.0854379323626,0.0610356865843,0.043591179796,0.0311252873153,0.0222204742212,0.0158609047583
113.531953391,57.0271529823,42.1499880519,31.0314602301,22.7643540976,16.645616595,12.1390705514,8.83040918574,6.40757965507,4.63991724903,3.353291612,2.41941941339,1.74302779451,1.25403120744,0.901158913711,0.646901120946,0.463957151872,0.332488562467,0.238108432711,0.170417431774,0.121907288024,0.087167207152,0.0623032292701,0.0445169928462,0.0317994577915,0.0227099845183
163.154262774,74.2083429337,55.4190273229,41.1870520155,30.4754354157,22.4580823297,16.4892942053,12.0682275259,8.80846541503,6.41160318115,4.65528992164,3.37241235522,2.43837362621,1.7599423805,1.26829698916,0.912749281296,0.656088922569,0.471100913852,0.337963904813,0.242257789037,0.173532754063,0.124228837069,0.0888862152961,0.0635694754565,0.0454456533633,0.0324780599934
234.46538764,93.698796556,71.0178868508,53.4109025917,39.9468065318,29.7293084272,22.0261953651,16.2489821826,11.9422803807,8.74978437364,6.39100958468,4.65494520036,3.38191884708,2.45111357787,1.77298620292,1.28018080221,0.922894163639,0.664407200117,0.477731545754,0.343140580557,0.24623786944,0.176555472326,0.126501896274,0.0905819641847,0.0648263324863,0.0463722057601
336.945030221,114.077758047,87.9209734269,67.2408971317,50.9941176684,38.415071831,28.7788305248,21.448800101,15.9103835138,11.7510343305,8.64829816464,6.34248966751,4.63628114163,3.37920052254,2.45635515493,1.78135415048,1.28909466787,0.93120241679,0.671602880586,0.483684711185,0.347913904521,0.249982082482,0.179443410702,0.128700028377,0.0922378882096,0.0660634581144
484.21626123,132.950235546,104.536510263,81.4374972621,62.8917510278,48.1454706181,36.5707018655,27.6059050522,20.7172979275,15.4648136912,11.4876372079,8.49743201635,6.26110142395,4.59610559041,3.36245265151,2.45234480164,1.78379304692,1.29443119935,0.937239793321,0.677386233314,0.488772121466,0.352162601405,0.253411929716,0.182145192156,0.130790726323,0.0938334893441
695.85649471,147.40811218,118.503732322,94.3174900736,74.3366081545,58.0425485244,44.9084735145,34.4281514293,26.2088135013,19.8247280882,14.9052571765,11.1446313361,8.29200143985,6.14264413685,4.53122829248,3.32947758861,2.43786311042,1.77944085685,1.29525655139,0.940531152224,0.681465675318,0.492777820077,0.35574753475,0.256437315689,0.184604790759,0.132738168135
1000,153.91140973,127.342819022,103.823143106,83.6866880974,66.780040875,52.7663913436,41.3013966843,31.9945631761,24.5898517518,18.7643558117,14.2231657432,10.7147211346,8.02557455105,5.98221850577,4.43773942954,3.27738395364,2.41082213947,1.76690622389,1.29082365784,0.940349074696,0.683318550037,0.495446491696,0.358483447823,0.258934464019,0.186741530076
