rho_gcc,6.08443477263,6.69823890414,7.37396423721,8.11785744728,8.93679538094,9.83834862825,10.8308515083,11.923479115,13.1263321352,14.4505302239,15.908314798,17.5131622018,19.2799082871,21.2248855617,23.3660741742,25.7232681292,28.3182582711,31.1750337274,34.320003674,37.7822414719,41.5937534332,45.7897747,50.4090949725,55.4944170963,61.0927518246,67.2558524046
1e-17,0.223592874619,0.249673604703,0.30589946975,0.419718397748,0.446742428156,0.49120433947,0.409298019139,0.304237807676,0.212111213741,0.145425248935,0.0782859834852,0.0533671701141,0.0354560739883,0.0280928297601,0.0255984210232,0.0124245859963,0.00413804812481,0.000763846376172,0.00415090257291,0.0178113691259,0.0253739212867,0.0195492722908,0.0145486631512,0.00507544300624,0.00109979698232,0.000108759109624
1.4370779142e-17,0.223588901301,0.249673361537,0.305899329476,0.419718048035,0.446742386322,0.491204798374,0.40929800377,0.304238090783,0.212111259654,0.145424598993,0.078285983749,0.0533749401723,0.0354560679939,0.0280928252665,0.025598422216,0.0124245871912,0.00413804845215,0.00076384689263,0.00415090299424,0.0178113660336,0.0253739224114,0.0195492578633,0.014548666781,0.00507544306079,0.00109979699175,0.000108759104036
2.06519293148e-17,0.22359301736,0.249673247102,0.305899374837,0.419717414609,0.446742327881,0.491204592664,0.409298000509,0.304237765449,0.212111439925,0.145424045601,0.0782858304423,0.0533736926103,0.0354561219927,0.0280928205522,0.0255984249351,0.0124245873178,0.00413804833445,0.000763846862978,0.00415090301218,0.0178113674747,0.0253739225671,0.0195492487386,0.0145486697921,0.0050754426424,0.00109979699209,0.000108759107245
2.96784315039e-17,0.223653093091,0.249673084209,0.305899313636,0.419716925161,0.446742284367,0.491205140779,0.409297954255,0.304237995719,0.212288282772,0.145423065751,0.0782866811572,0.0533732776473,0.035456135335,0.0280928153369,0.0255984245999,0.0124245872267,0.00413804883252,0.000763847121763,0.0041509030471,0.0178113679136,0.0253739211288,0.0195492440226,0.0145486753485,0.00507544315642,0.00109979703549,0.00010875910686
4.26502184423e-17,0.22365388837,0.249672877454,0.30589929394,0.419710321556,0.44674224281,0.491204650234,0.409297954929,0.304237985377,0.212111540757,0.145422394033,0.0782859281703,0.0533703176752,0.0354560423225,0.0280928098398,0.0255984227282,0.012424588279,0.00413804881866,0.000763847406551,0.00415090331485,0.0178113693691,0.0253739241349,0.0195492378765,0.0145486800312,0.00507544280036,0.00109979711104,0.000108759111253
6.12916869593e-17,0.223649858123,0.249672596486,0.30589919733,0.419710184204,0.446742141874,0.491204973607,0.409297978253,0.304237920534,0.212111502192,0.14542146004,0.0785719953946,0.0533687352777,0.0354560020355,0.0280928041485,0.0255984271574,0.0124245896682,0.00413804889747,0.000763847942892,0.00415090318107,0.0178113689986,0.0253739237808,0.0195492255926,0.0145486866767,0.0050754425752,0.00109979713108,0.000108759114407
8.80809296532e-17,0.223650133418,0.249672834756,0.305899232485,0.419716004254,0.446742087294,0.491205940954,0.409297953385,0.304027400157,0.212111245277,0.145420193786,0.0782867160014,0.0533708930229,0.035456052701,0.0280927972359,0.0255984285763,0.0124245895776,0.00413804862582,0.000763848307159,0.00415090337378,0.0178113698497,0.0253739246096,0.0195491953932,0.0145486888371,0.0050754418193,0.00109979716985,0.000108759104372
1.26579158667e-16,0.223650107861,0.249672189357,0.305899220372,0.419715781537,0.446742051684,0.491204832172,0.409297938672,0.304237872878,0.21211142412,0.145418728469,0.0782859047923,0.0533732514144,0.0354561200931,0.0280927906702,0.0255984312344,0.0124245907107,0.00413804850196,0.000763848477468,0.00415090298724,0.0178113719329,0.0253739262099,0.0195491988113,0.0145486964754,0.00507544157546,0.00109979723154,0.000108759107884
1.81904113318e-16,0.223650474945,0.249671668574,0.305899185627,0.419709366711,0.44674174473,0.491203626932,0.409296780781,0.304236901171,0.212110735475,0.145416933309,0.0782858453524,0.0533692776444,0.0354560638474,0.0280927839982,0.0255984366037,0.0124245790711,0.0041380954268,0.000763849675635,0.00415090317431,0.0178113727989,0.0253739273766,0.0195491842636,0.014548704075,0.00507544150782,0.00109979725117,0.000108759113991
2.61410383751e-16,0.222794699826,0.252155862032,0.30512429922,0.419716139925,0.446741153844,0.491196285206,0.409186357789,0.304196457357,0.212109459219,0.145414245409,0.0782858884738,0.0533707458323,0.0354556271385,0.0280925400381,0.0255982036832,0.0124245086015,0.00413813065514,0.000763835505245,0.00415090179238,0.017811361729,0.0253739341336,0.0195491547414,0.0145487133146,0.00507544077015,0.00109979732352,0.000108759123568
3.75667089031e-16,0.213887671437,0.254561899802,0.28924713788,0.431554008468,0.443950439191,0.495460495477,0.414643693157,0.30627534086,0.210871637784,0.144997680837,0.0781129547917,0.0533743899934,0.0354555017434,0.0280920543587,0.0255978820223,0.01242437425,0.00413808136726,0.000763836285077,0.0041508970246,0.0178113070245,0.0253739043267,0.0195491212503,0.0145487122519,0.00507543768116,0.00109979773805,0.000108759278222
5.39862876738e-16,0.233408974094,0.248698500297,0.305684187906,0.432610016088,0.465556053026,0.517793579362,0.420831544271,0.328438733549,0.199789138434,0.142768096994,0.0809005355166,0.0571664239196,0.0324514765823,0.0274604798669,0.0263262918189,0.0132437083896,0.00439741744391,0.000744522013863,0.00426028081057,0.0178113181631,0.0253738808312,0.0195491022988,0.0145487085325,0.00507543176045,0.00109979730994,0.000108760238914
7.75825016857e-16,0.221657682275,0.26732679843,0.318397090251,0.431187882163,0.495496178352,0.527453441137,0.445857953424,0.317089224666,0.20036096396,0.136827479546,0.0819986674392,0.0446026039718,0.0353208428617,0.0278159043613,0.0233151075774,0.0126610307934,0.00401043208373,0.00103214084447,0.00402100877095,0.0182872277943,0.0213862489266,0.0233263553976,0.0150384475605,0.00538478332041,0.00138925079442,0.000117453224716
1.11492099701e-15,0.257996454705,0.303734147606,0.355547742726,0.413452551552,0.50729565234,0.499324254506,0.429794359765,0.334285181245,0.208492394348,0.123781617481,0.0729242972814,0.0390152595572,0.0306969630109,0.0294081755292,0.022540454874,0.0146659896076,0.00415676105643,0.00243959562547,0.00407861474424,0.00951403371727,0.0204643989253,0.0218782714044,0.015449478746,0.00709689969819,0.00173527680562,8.94207607862e-05
1.60222834088e-15,0.250683582301,0.283234817935,0.342529995624,0.380653077715,0.496020381086,0.480801432091,0.435843712281,0.349134178285,0.204151041953,0.145630332779,0.0833465205622,0.0520764171165,0.0308619373502,0.034719146539,0.0230417741556,0.0148017915566,0.00757600508064,0.00202613568908,0.00326045092875,0.00991099327688,0.0179733105636,0.0236716677775,0.0161523320711,0.00651433589104,0.0017085962024,0.000182714777081
2.30252696218e-15,0.278189878766,0.268950974613,0.358333355971,0.365935518643,0.52693780134,0.477839509236,0.434043584593,0.391214547606,0.221688808357,0.144795329775,0.100678986766,0.0508523604334,0.0386631002471,0.0326587832294,0.0229267719946,0.013990979916,0.0069492540591,0.00233153721267,0.0021080199239,0.00914369689062,0.0192385775378,0.0252652792257,0.0153182314094,0.00674494784769,0.00200150257808,0.000262856523721
3.3089106442e-15,0.235057430501,0.286305443336,0.351510738185,0.404865691412,0.55600247531,0.493417388256,0.453418275275,0.378989651633,0.241175148406,0.159300220127,0.109362531156,0.0557618692625,0.0355314631891,0.0352027417879,0.0211116188395,0.017576670231,0.00910641029357,0.00213885756566,0.00155079270296,0.00781342150648,0.0171449903079,0.0239527266163,0.0144914627246,0.00888962482525,0.0024735825377,0.000453574920825
4.75516240683e-15,0.251042346068,0.305775139753,0.309399208955,0.418217905514,0.476468156667,0.522142571361,0.446369566767,0.342221635826,0.245377602443,0.158052409722,0.0959692844469,0.0530377133503,0.0395508618742,0.0356450120161,0.0237963556453,0.0147041736057,0.00720857611148,0.00211803770706,0.00133564993532,0.0070055597366,0.015120465096,0.0211097922158,0.0158252763003,0.00894687454027,0.00300521138811,0.00038731307045
6.83353887329e-15,0.285039944367,0.278053726217,0.280366661137,0.410144567664,0.507750234134,0.505785056701,0.449139083502,0.397348819858,0.242285029042,0.158072821779,0.105344937548,0.0574720350232,0.0383665941917,0.0261096211621,0.0290864825768,0.016313134693,0.00784843749966,0.00419039561577,0.000968131287957,0.00738775685166,0.0160493237221,0.0199004615881,0.02469984741,0.00921940156925,0.00324486819408,0.000378619609521
9.82032779063e-15,0.295903740048,0.293929178147,0.31275967713,0.376732913677,0.531452097778,0.49259819579,0.491380236916,0.388707102612,0.258529710841,0.185742559152,0.126823639029,0.0640806749003,0.0413507739653,0.0338984205425,0.0268283473793,0.0205751785761,0.00895831533806,0.00447803105928,0.00096623125744,0.00684038014267,0.0144109487734,0.0225873011219,0.0200371481511,0.00908612848588,0.00363937860991,0.000516972314198
1.41125761781e-14,0.272360395259,0.284415187964,0.298009892017,0.375555761786,0.512413703309,0.515840787546,0.523041636544,0.422874808858,0.279775245117,0.195975064539,0.125746288432,0.0696253891099,0.0447929241757,0.0323883542386,0.0241548098783,0.0213119705038,0.00958942725697,0.0033899539476,0.000951284937252,0.00319552236885,0.0116666407951,0.0196172396579,0.0203266862621,0.00975092912599,0.00377281332614,0.000608939367314
2.0280871538e-14,0.277544023979,0.2725863553,0.354698210591,0.388904812733,0.505699704615,0.555486218194,0.539063213208,0.427047613102,0.304778622562,0.199328144745,0.11806433848,0.0802311480896,0.043166942468,0.0334059376351,0.0227789646218,0.0203945169869,0.0129115926054,0.00398857845257,0.000938417913387,0.00410296733265,0.0131170821181,0.0215550359974,0.0171413366971,0.0119894646077,0.0041036754275,0.00096077946292
2.9145192568e-14,0.286549073963,0.313994478347,0.339331066819,0.417754120761,0.497233516554,0.527474743017,0.516699175765,0.431900809523,0.314528882104,0.198044157035,0.119919169158,0.0655741069353,0.0363018800297,0.026844968851,0.0243790277053,0.018956124779,0.0109808227407,0.00324757181708,0.000944943649241,0.00397203998684,0.0134735784721,0.0177280917814,0.0193307450403,0.0132027271367,0.00530353195673,0.0015033596016
4.18839125446e-14,0.307027906538,0.321324395954,0.334455690035,0.411095820602,0.428488895034,0.568752295002,0.503613750413,0.428550888526,0.33635214487,0.191667664945,0.125835172765,0.0745544490103,0.0489362070244,0.0281692450947,0.0353977100169,0.0186237497753,0.0107741735011,0.00640389496236,0.00187963501007,0.00400554092,0.00758475825035,0.0167493222282,0.0186294664633,0.0124561834856,0.00570464139345,0.0013535324031
6.01904456781e-14,0.303837369727,0.288220915895,0.328161786347,0.423058244747,0.446875105375,0.548580262658,0.513421123234,0.444646495206,0.357343136172,0.216397915367,0.136998541248,0.0930356569244,0.0496517162217,0.0346676978911,0.0271970389951,0.0212900746951,0.0138019898941,0.00650272272666,0.0026109154847,0.002959005524,0.00803345928919,0.0171617785673,0.0208981599434,0.0128233318071,0.00500603465806,0.00162954112596
8.64983601298e-14,0.309900839003,0.264334423331,0.368058819845,0.41884499337,0.49029242315,0.574249640735,0.535798580856,0.435277615711,0.362527426918,0.22405958594,0.150256898586,0.0820385250615,0.0433912279507,0.0348491198107,0.0314721784196,0.0178921967201,0.012326429813,0.00729794838791,0.0021357382733,0.00260858454275,0.00860435107363,0.0135361585882,0.0194986924127,0.0118068122639,0.00706659875432,0.00203303535747
1.24304882957e-13,0.308300546638,0.32039212108,0.344120951745,0.338896910033,0.500218323368,0.515062310936,0.548367577445,0.430729326739,0.359596533923,0.230226858594,0.15127170943,0.0944301529053,0.0537238410472,0.0326681773876,0.0264889598071,0.020544708562,0.0123486971701,0.00534308204693,0.00172954423523,0.00197493471797,0.00704742589837,0.0135385614612,0.018326863341,0.0114048615119,0.00722971087284,0.00230962446036
1.78635801925e-13,0.34905901934,0.343105210328,0.331786587691,0.343086280636,0.435869439616,0.607401509847,0.540222562143,0.471748081812,0.383164745649,0.240532704343,0.166862043864,0.0943243356264,0.0560448834926,0.0334227690642,0.0278798811188,0.0226816102678,0.0149759265483,0.00626039360328,0.0019223846689,0.0017452412807,0.00650017745628,0.0140540339095,0.0164996004752,0.0196928884198,0.00722324407219,0.00269395495108
2.56713565631e-13,0.366133501981,0.302866688684,0.356409883384,0.380371840445,0.434651654689,0.59310035548,0.538470067469,0.481900000936,0.387275518611,0.248490335405,0.181221854521,0.118120912942,0.0597864571507,0.0389707232379,0.0293578622858,0.0212336382112,0.0149468138301,0.00726750024564,0.00458162000137,0.00107880335622,0.00534153381921,0.0126443852349,0.0168562126878,0.0181148003888,0.00769745151545,0.00280838399999
3.68917395444e-13,0.363765290012,0.306410948478,0.323115864951,0.422735104353,0.472948306034,0.586559235733,0.574482660462,0.57195204265,0.404665694762,0.278750448387,0.178576702156,0.114062134637,0.0691721551643,0.0411226699603,0.0294000017077,0.020683405809,0.0193710044941,0.0101877890119,0.00451734728454,0.000975819257362,0.00420252527634,0.0100894014128,0.0156459453152,0.0139407568039,0.00928918685927,0.00281831186298
5.30163041156e-13,0.349956603116,0.319355067325,0.377483620038,0.390338822094,0.508509544258,0.588989496631,0.576782616697,0.519374177243,0.41669807281,0.285064247836,0.183693140293,0.108113340652,0.0597836926486,0.0374491681128,0.0269982377605,0.0207319255867,0.0164268679476,0.00853491892397,0.00268250029487,0.000863985423252,0.00292702088631,0.0111145727046,0.0165259330529,0.0144547663292,0.0100066375842,0.00364929946629
7.6188559737e-13,0.375787705032,0.35603199507,0.373447406326,0.390523648859,0.507023397622,0.51087978361,0.599326317508,0.514094594494,0.422744054842,0.303787053975,0.175104080729,0.108413294551,0.0675330018051,0.0396646674935,0.0231278883286,0.027647284489,0.0154481026697,0.0100948897888,0.00392771508915,0.00157067618565,0.0032544957193,0.0114188509013,0.0143680038952,0.0150956445462,0.00969186649071,0.00480208649417
1.09488896513e-12,0.378789813359,0.337998285005,0.351063891671,0.433262211047,0.4947948289,0.527050252254,0.588529909453,0.531634454256,0.436775497366,0.334043706627,0.195384262601,0.126201108908,0.0832368026827,0.0466577708392,0.0296832661813,0.0220357850374,0.0171901101969,0.00917818988097,0.00509038662956,0.00213744045419,0.00345660077709,0.00695086859949,0.0127830792848,0.0168185775539,0.0107259047068,0.00409203875881
1.57344075029e-12,0.385746424809,0.354287077497,0.315358200861,0.424093355039,0.473222994061,0.573103006758,0.628442496222,0.540797661567,0.416670214812,0.339224110959,0.209863325381,0.131590952,0.0762660001475,0.0411362263919,0.032198350402,0.0255128688179,0.0155979959125,0.0116274181055,0.00605140729781,0.00278398631984,0.00308767851957,0.00701369460941,0.0136240375995,0.0147041969377,0.00991355838803,0.0051514707913
2.26115695154e-12,0.405795491139,0.394506429372,0.374518367231,0.445175447477,0.446218179579,0.564817287676,0.635906976708,0.576868708811,0.431214066525,0.33858751701,0.214517435749,0.145039531013,0.0873091715965,0.0528691074731,0.0264157299362,0.0196555767873,0.0162612496118,0.0100404484104,0.00444802022212,0.00142238693449,0.00248010245327,0.00603111531931,0.011409484073,0.0161434843143,0.00901169033163,0.00561346980811
3.24945871559e-12,0.420580062381,0.427018044765,0.354619394562,0.437770342733,0.427929021426,0.497692793811,0.666602931072,0.545723335832,0.44919711735,0.364674635285,0.233364441805,0.151920034948,0.0922159951382,0.0540162582406,0.0292063915164,0.0261310221652,0.0203237251941,0.0131431045636,0.00558926675138,0.00213540423263,0.00230160202302,0.00555504650379,0.0114525375567,0.0126478176905,0.0127687498711,0.00570905029173
4.66972535328e-12,0.426527286289,0.451481378247,0.357662851045,0.421394165262,0.53009985821,0.553550569791,0.662171064587,0.58985998425,0.523521670078,0.367069500831,0.246024131411,0.167568292707,0.102362789531,0.052606695304,0.0360592742405,0.0225781643077,0.0191206278542,0.0123269437129,0.00612748863439,0.00228726194039,0.00152476575084,0.00581011715979,0.0107154410991,0.0139199273784,0.0170933892537,0.00556817473379
6.71075917058e-12,0.478605266014,0.422978068596,0.372403431438,0.456201103382,0.483722945709,0.563404249433,0.608299961017,0.612194186555,0.542352211957,0.388968728467,0.259816319695,0.168017631439,0.0963345513924,0.058973895458,0.032361041742,0.0291616078677,0.0186258210505,0.015355444074,0.00890016367481,0.00382570912363,0.00111534708366,0.00350398477484,0.00974264349269,0.0134203127665,0.0104951290046,0.00783055639966
9.64388379154e-12,0.506655566034,0.458676929685,0.410065925722,0.467586503084,0.488214767113,0.655717033915,0.648141317333,0.603831581614,0.504455114678,0.384126495901,0.279451937496,0.168094426677,0.0966502207868,0.0593493740553,0.0367544056658,0.0240340008567,0.0186729395933,0.0135603489701,0.00751871131678,0.00352794375225,0.00128184230115,0.00211189662763,0.00935449961324,0.0128117635664,0.0112811977346,0.00792418996207
1.38590124039e-11,0.542037346369,0.468910465317,0.404059689773,0.433760544158,0.525725588598,0.60587988229,0.592605027058,0.654330332086,0.522272628649,0.421387102826,0.314066134432,0.175460859647,0.107420518761,0.071349918142,0.0392796466131,0.0236319107954,0.0243232933587,0.013807678202,0.00769420209063,0.00568104993081,0.0019538133378,0.00320873708624,0.00997686567223,0.0111347708302,0.0122475040694,0.0079530733845
1.99164806383e-11,0.564743994873,0.491090675612,0.42187710361,0.413548509,0.530637565961,0.591143145596,0.652495108779,0.650888492174,0.5405781535,0.403640729422,0.310189041757,0.18884941128,0.128822383166,0.0696614576377,0.041705980486,0.0306268309368,0.0203956798208,0.014121710283,0.0094484923259,0.00507602879742,0.00160132725383,0.00352385386979,0.00591019093235,0.0102554943995,0.01409537961,0.00878419730766
2.86215344539e-11,0.642120282665,0.532387031116,0.498816930267,0.458662234531,0.579310360865,0.554186854967,0.623319400706,0.636406373611,0.579949809779,0.401101140461,0.294075651474,0.204017364612,0.133050026586,0.080930129639,0.0436288691551,0.0258251199283,0.0202299840103,0.0148240727869,0.00906558583574,0.00440519942287,0.00174465924185,0.00394335897169,0.00613179962214,0.0115352140676,0.0115578722641,0.008355392579
4.11313750342e-11,0.627294849425,0.531392403912,0.536572032059,0.444805568259,0.572967784587,0.568816406978,0.637160928896,0.714428366022,0.571858853494,0.438698963468,0.346881019455,0.221892487446,0.144558729048,0.0818912700997,0.0494615248693,0.0268129105377,0.0212064443546,0.0205377364833,0.0106646683535,0.00490474839261,0.00219406567945,0.00252838634876,0.00527934745188,0.00911240109537,0.012942007423,0.00851713441526
5.91089906423e-11,0.586466928762,0.623080647869,0.591284140783,0.450305597656,0.561669403089,0.653234160406,0.678247410748,0.760896815922,0.587980766869,0.506610925582,0.346594696899,0.23937033749,0.156474698322,0.0955209397081,0.0551634037111,0.0355706738627,0.0209932233201,0.0181571205215,0.0114035562205,0.00555253056223,0.00233168417067,0.00186550964711,0.004765770874,0.00996270589187,0.0107387559475,0.0122917336939
8.49442249826e-11,0.658631918659,0.640732988597,0.533440192545,0.464618908854,0.58304198563,0.607008643107,0.700263228464,0.742695292038,0.619720091115,0.531604705352,0.379826521339,0.249561064676,0.162614165887,0.0954886985943,0.0535761276449,0.0322918474376,0.0237653306826,0.0153198091427,0.0154993911506,0.00793741163093,0.00297139184891,0.00171435362614,0.00496998186843,0.00854747030224,0.0101120464531,0.0123888765104
1.22071469661e-10,0.754791858457,0.697159208964,0.620649414765,0.532835211205,0.607473258382,0.676096522825,0.79492868219,0.7265259151,0.650009220785,0.480231932264,0.387546830122,0.279739326988,0.164127659556,0.0961772063504,0.0591858996544,0.0393614257162,0.0250446816696,0.0174836046537,0.0119423111139,0.00714015962488,0.00338358827654,0.00174609420047,0.00375231394215,0.00722448803063,0.011574743237,0.00979528306516
1.75426213004e-10,0.733998905818,0.701588537405,0.617635845991,0.531690211134,0.55465493295,0.640519906661,0.75837399751,0.672634804663,0.708659436299,0.538741881477,0.412934924025,0.296956384534,0.17664543736,0.109960451865,0.0716593254299,0.0408524817637,0.0227182764842,0.0213467905097,0.0136339605528,0.00792121222556,0.00466562985416,0.00258219546033,0.00280868018549,0.0096590713818,0.00960134515584,0.0100878496913
2.5210113628e-10,0.713064601147,0.799791337974,0.685697067401,0.600309469601,0.579290999364,0.683689290823,0.711753906828,0.785539394132,0.727499841598,0.538268512685,0.388377595094,0.288427502477,0.188237022807,0.127396817975,0.0765208444851,0.0405624418348,0.0271711929333,0.0183049818424,0.0133896379209,0.00960671286812,0.00617160044217,0.00227905543879,0.00370644637338,0.00580756359317,0.00980541366393,0.0117204539545
3.62288975092e-10,0.796364887548,0.867048400293,0.665946968889,0.733362094236,0.603440205791,0.75460902661,0.773597838964,0.771330839713,0.725032218878,0.595659173075,0.432676578102,0.309825402303,0.21100914472,0.133212292623,0.0806353183697,0.0459385894468,0.0261834859672,0.0194090202132,0.0141179097011,0.00919804597346,0.00522154101784,0.00247659813304,0.003404449595,0.00574297260723,0.0100497478302,0.00938641533809
5.20637484663e-10,0.94944233033,0.767490217265,0.742335142321,0.717392166278,0.619331958156,0.773538859787,0.859175493208,0.764790917793,0.815214207517,0.60443945154,0.4645774362,0.331941860388,0.222592232387,0.151378413606,0.0928456356706,0.0520731184782,0.0296667240369,0.0231044626782,0.0188636998428,0.0113376182993,0.00635469869457,0.00309585384026,0.00303628619253,0.00576942263397,0.00810724816058,0.011417503329
7.48196630514e-10,1.02601355901,0.962794591403,0.899361097067,0.751784666452,0.681438741267,0.752395800222,0.830745424442,0.898750744685,0.847081508553,0.682391437729,0.551884510663,0.365467646478,0.251109949224,0.160352402733,0.0994838998647,0.0574744373485,0.0333185179484,0.0233908567129,0.020092790247,0.0126001463145,0.00662997855475,0.00359515569016,0.00302295117116,0.00582588417189,0.0088001609693,0.0098893230335
1.07521685319e-09,1.06134570098,1.06921180283,0.975331967453,0.848595689469,0.756283576211,0.827502487149,0.869850006275,1.01786670492,0.820680239079,0.687376232366,0.497448220626,0.395326665392,0.283239119337,0.177011661165,0.0990007311512,0.0653317686536,0.0392533064833,0.0267128179645,0.0176223570627,0.0129262262991,0.00713257931211,0.00363644923303,0.00328205841684,0.00527554004134,0.00799897828815,0.00913229144547
1.54517039269e-09,1.16904788486,1.13027340796,1.04699906328,0.935338724937,0.808807334558,0.820025533589,0.858191161807,0.949274444688,0.829299412282,0.802821460516,0.584287929827,0.430535594758,0.310118687037,0.189157898346,0.118746892909,0.0779190527018,0.0483483053421,0.0268707106463,0.0203604227147,0.014052400085,0.00933937413208,0.00490910139956,0.00363581420199,0.00410604888285,0.00723767600094,0.00983841134062
2.22053024502e-09,1.27439138861,1.16479881798,1.18960068624,1.02082041945,0.920645023368,0.905448691538,1.01872281142,0.976097952391,1.03495081332,0.861115426531,0.594990914178,0.405929297224,0.33387403653,0.202898685488,0.134492089727,0.0903737800008,0.0452153487924,0.0269975541153,0.022157120516,0.0154328039278,0.00958621693744,0.0058532886528,0.00399875664717,0.00428880187619,0.00939121624793,0.00857758166704
3.19107497292e-09,1.56113879077,1.24256531925,1.20754261699,1.07531498579,1.07289160295,0.930878078943,1.06506413279,1.05540650264,1.01154033057,0.857897931728,0.715201885124,0.460525504692,0.355286063928,0.233374446107,0.146433342,0.0905137693674,0.0531922239344,0.033815918287,0.0252823283425,0.0156550841347,0.010749689556,0.00726637009907,0.00424336790242,0.00444344001582,0.00566695323311,0.00830586138374
4.58582336614e-09,2.00456006143,1.33797068416,1.19521254244,1.26738692583,1.08251092415,0.83718117281,1.08048864564,1.0315775962,0.920885739198,0.921092997417,0.672912440321,0.51698835791,0.355364624576,0.248244469033,0.172372715086,0.106382171111,0.0605674294798,0.0365412163932,0.0265748545191,0.0191389778413,0.0127440009715,0.00835715008095,0.00496579791981,0.00473271783847,0.00623429988308,0.00889485802534
6.5901854779e-09,2.1681577783,1.71007071008,1.49732882882,1.49362114879,1.19901673967,1.11223067653,1.01309532756,1.20246828681,1.1830970648,1.00870459622,0.742112230657,0.581108028649,0.39018275539,0.267908963861,0.186899301621,0.117407146546,0.0682379990636,0.0421256167473,0.0251333103733,0.021480204061,0.0152064402061,0.00955515982403,0.00632261012475,0.00437796164092,0.00538659194355,0.00758361019306
9.47061000077e-09,2.76915107252,2.02230896388,1.691082613,1.51529403005,1.43146152525,1.13285135757,1.24002945269,1.17858169264,1.21131125272,0.990337600529,0.82293292756,0.595833479222,0.466397262514,0.31169076494,0.195310360523,0.125844366355,0.0771100326866,0.0487564696017,0.0292411547739,0.0213248078315,0.0161339912709,0.00960842406564,0.00668983691117,0.00577590294988,0.00587890425377,0.00823785395114
1.36100044661e-08,2.84184479083,2.4035136742,1.80372868777,1.7663149761,1.71091312793,1.44485138298,1.23832583687,1.42132639898,1.30485996163,1.06580177034,0.916476558998,0.709296995842,0.516557910946,0.37758558393,0.267991288545,0.189607291132,0.111266821713,0.0661616990835,0.0371491762617,0.0259526796951,0.0177790784957,0.0124855419944,0.00859961445387,0.00658585623881,0.00496077220017,0.00814669792176
1.95586368304e-08,3.17861377216,2.7856733959,2.42458596245,2.09833507758,1.75266795519,1.69184572824,1.47358330808,1.6191859579,1.3387918087,1.15398572238,1.01984743298,0.825883842807,0.627257890058,0.415032507422,0.315358901712,0.203887074021,0.135865454487,0.0853301354858,0.0449822640962,0.0317809399367,0.0231087786443,0.0154710671613,0.00909679199146,0.0073900543094,0.00619759363042,0.00747590704834
2.81072850208e-08,4.199798025,3.31608814654,2.7946757095,2.40596507442,2.38386199038,2.25575968261,1.59139640746,1.78595681496,1.54429087714,1.30689853514,1.2751523813,0.923471188212,0.704620244871,0.46291115555,0.366256479887,0.226957468487,0.147068369713,0.0954631590661,0.0541490693805,0.0345751724708,0.0260737198351,0.0190243203451,0.0118961279669,0.00809544270277,0.00705715653775,0.00758914643649
4.03923585315e-08,4.51584209695,4.60035696798,3.02608595507,3.32940469344,2.96145178524,2.66534801217,2.3006622515,2.18498741996,1.96749474047,1.69750234382,1.30775243999,1.00405049289,0.738143169513,0.511209101036,0.378357141344,0.274960186041,0.171710945472,0.106161000648,0.061983383164,0.0390937516254,0.0295134060832,0.0214478296199,0.0152858241477,0.00963646191826,0.00756198203204,0.00800010283403
5.80469663481e-08,5.76718783743,6.03794020501,4.40948360201,3.74327844903,2.99454542647,3.21007433785,2.65088671388,2.7678519598,2.53120716472,2.04895437876,1.42968957667,1.25373466865,0.872725967443,0.595962812747,0.45019608907,0.31536257704,0.218707279963,0.132052427758,0.078822324377,0.0485924782057,0.0350928614148,0.0244338707699,0.0178485570043,0.0119173494057,0.00917038889828,0.00812755321421
8.34180133251e-08,6.96365568178,5.73300030696,5.40246526608,4.4963299006,3.64895392796,3.34055777112,2.76533525328,2.39273136393,2.35025630505,2.18326153872,1.44486150923,1.32131094657,1.08722263601,0.677237876196,0.533636011686,0.41164290836,0.300843498024,0.180929743537,0.116938047647,0.0653063022004,0.0478232471232,0.0322481645728,0.0227141275275,0.0162551168735,0.0121318040393,0.0102906556375
1.19878184596e-07,8.85932881122,6.57147796732,5.69152088544,4.50102318879,3.86323228366,3.38607217927,3.16955177152,2.82823400902,2.85916456502,2.08932558521,1.66813066015,1.58596550098,1.23836782217,0.814626262417,0.572233850421,0.426283670045,0.309362693196,0.189733698541,0.116631325564,0.0665547776913,0.0444165625394,0.0324835967053,0.0239748577724,0.0149285929488,0.0121139593246,0.010133068341
1.72274291477e-07,10.7914363608,8.56348710794,7.28497094815,6.29975423689,4.74076934161,4.10471221436,3.92343370225,3.12103198999,3.1747523997,2.86501231849,1.94065287624,1.84218119554,1.38278411602,1.03241299686,0.722971198835,0.516855500116,0.349368452532,0.216208203365,0.137484695665,0.0829045934535,0.050023967946,0.0383223460803,0.0288121882016,0.0186222682624,0.0147614030492,0.0120507725153
2.47571579466e-07,15.2289317151,10.910936408,9.53290693017,6.346096823,5.94431795094,5.08488941487,4.49960656462,3.82709980057,3.40360278748,2.87940328463,2.84412787169,2.07847802779,1.78300894862,1.30234865539,0.930155423598,0.662461950445,0.452096287666,0.31360311888,0.186390944117,0.122338132262,0.0662411292023,0.0477857260655,0.0345091043277,0.0248887883912,0.0169050589883,0.0133665838692
3.55779649034e-07,18.7309680639,14.0901488752,11.1952051645,8.53563662552,7.18680009119,5.99041484426,5.29516945936,4.73958986372,4.30433316581,3.66652725713,3.2267767202,2.2640711406,2.35006697308,1.52170183627,1.08253855394,0.835004950099,0.590555894908,0.427258073038,0.262020270434,0.169839372512,0.0935962897722,0.0684079431375,0.0477101412747,0.0349752841265,0.0242862252776,0.0175548047436
5.11283075948e-07,26.2504179213,18.1641782102,12.6922384299,11.6434936691,9.07014783726,7.6395481353,6.45074186274,5.769236618,4.84457876971,4.33550602427,3.42038339056,3.17820474287,2.48403147138,1.97746235711,1.39200808206,0.982974966302,0.733739508195,0.495144012495,0.328635422042,0.186175840509,0.108364332711,0.0751700091849,0.054163422438,0.0405750261573,0.0269858582473,0.0223899702464
7.34753616349e-07,30.7479866625,20.822293841,16.916181638,13.0855324553,10.520495848,9.46636739842,7.76434598273,7.86394501769,6.34522814313,4.75213908165,4.47023504237,3.43802632411,3.17500786938,2.14178234188,1.67896549931,1.16283530514,0.82290620038,0.553826792386,0.353367347898,0.212001896707,0.130537460604,0.0801981027604,0.0613962300178,0.0452059257161,0.0319765927662,0.0244792701468
1.05589819443e-06,44.172748919,27.4043902144,20.004494367,17.6981672495,13.162509952,12.920683466,10.1749646989,9.44551488318,7.48616166482,7.05998924255,5.74831077016,4.21039151441,2.88548970977,2.79283554994,1.97501528616,1.29415923076,0.989122318608,0.640775526826,0.424382838499,0.262176347997,0.175646400472,0.0986504317177,0.0764382001954,0.0554023939557,0.0376825027663,0.0296254988817
1.51740797486e-06,49.8340953493,42.4009236693,26.124728753,25.1179953133,17.2451094638,14.6291750055,12.7612708923,12.1510016439,10.2991598516,9.21403974046,7.31576134512,6.11606754342,4.57594815722,3.76014708718,2.38101939863,1.71243288603,1.18287647976,0.840267279869,0.583455562352,0.361970829536,0.223750529116,0.128119322425,0.0955122119925,0.068647004087,0.0489959761414,0.0365596480029
2.18063348751e-06,72.566319414,54.2525008242,43.13730165,29.7949027995,25.4705877538,21.3218300754,17.7498851798,15.9633335833,13.0946272076,11.0131977415,9.01425553242,7.06150218216,5.2226689751,4.37352472969,3.25314595279,2.31785202211,1.5465595665,1.10496276491,0.760485071817,0.499582612292,0.30816519046,0.184387988132,0.128372915741,0.0938046117175,0.0661465068942,0.0479145731656
3.13374022386e-06,93.731731191,65.2280854403,53.3021593277,39.3650102146,34.007556546,26.3826636141,25.2617583959,22.1561651425,19.3998381282,15.3448425031,10.9721019759,9.76913048447,7.33656385339,5.16201735871,4.21829183466,3.06580877112,2.13969323364,1.47542799216,0.972221049241,0.61442187297,0.39646478349,0.251479244825,0.15198644785,0.113476831796,0.0831985057667,0.0574896159601
4.50342886455e-06,131.451943964,97.2755196728,68.5584994937,49.8581863793,47.4846948123,36.8913387937,32.5115080957,28.4297854472,25.8540088975,20.2522403023,17.0872935875,13.3760062167,9.57145309988,6.51301836584,6.13441521598,4.04039402376,2.83021390068,2.08931082636,1.3207980734,0.895084987606,0.561422139306,0.315078208748,0.203670082714,0.143230556957,0.104374932707,0.07155675573
6.47177815941e-06,178.239402171,118.96415359,89.110012368,71.2308859447,58.8225832642,49.7131803056,43.669740222,35.6008269386,32.4402809975,27.9020450821,22.2555002714,17.163634114,13.0078543559,9.81575377064,8.1407974234,5.82786208618,4.24870703488,2.90578426106,1.96385932862,1.33170669474,0.809892120058,0.487116996091,0.303614743165,0.205412087104,0.14214116529,0.105021738074
9.30044945848e-06,231.103543113,162.693697051,127.965582795,96.9556114017,73.1820011088,65.9708284194,55.0637847252,48.8097384276,39.8488310179,33.6727767124,28.4727215752,21.1736041805,17.3832429555,12.273607881,9.44804843271,8.37832805325,5.94171387962,3.94165087565,2.60736478653,1.82397613025,1.10134740596,0.658370748733,0.406104739344,0.270568354196,0.190041459345,0.138657325861
1.33654705089e-05,309.911379177,230.393346452,169.976577809,130.04235297,101.965105854,87.4354314599,73.205120287,62.8566564298,51.8323876454,43.0905078722,34.7178476359,26.9384082559,20.2739194295,16.818606606,11.1617896529,10.9098431067,7.58330377972,5.129118938,3.68151201197,2.22637075249,1.47490733377,0.859185066939,0.528288337118,0.315179194156,0.228293075653,0.160929253452
1.92072224812e-05,452.342696509,312.900362994,229.10935367,186.410504659,148.452875736,116.527331965,98.5242287844,88.858861208,71.1807935171,57.5699896679,45.0806408482,36.5731711375,27.7849308413,20.7434611389,14.9108918533,12.8133578479,9.64853366881,6.60934162662,4.66925957157,3.033694093,1.99492027211,1.18169661247,0.684826945318,0.409517762547,0.286652152329,0.195842495642
2.76022752209e-05,603.667473449,418.443733673,336.37404448,271.457510686,214.713915791,167.293485878,132.182637623,112.177005353,89.7676849037,72.4513323756,58.2606407928,47.9499151695,35.9253492564,26.4483577825,19.7682328688,14.5162541725,12.731871666,8.89274559666,6.19319221597,4.24557130984,2.75115709258,1.72363602255,0.980752112503,0.610122523284,0.386518547781,0.270442888165
3.96666201016e-05,802.592353115,589.289858377,443.11356819,364.52321342,264.899178441,236.0946718,186.226507808,154.23973849,127.40258984,101.227178966,79.5099054013,62.5696044824,49.8306314283,37.9821979701,27.2669235671,20.3313656328,17.444260184,12.5756223266,8.63634006793,5.91519896714,3.93128853506,2.42874527161,1.54653787332,0.867056797268,0.53909611773,0.380311889716
5.7004023679e-05,1162.61232553,792.257709771,613.485297212,503.368639168,380.592533034,299.353808356,256.580663446,202.036735057,159.339250378,135.397081493,105.025917919,80.2150008087,63.5849883226,50.1833822846,32.4166821009,25.3333290424,18.3993154598,16.0145530476,11.6199028003,8.08027006923,5.575760164,3.55889638387,1.93732671072,1.16351906938,0.74437173851,0.4802325627
8.19192234495e-05,1557.91737337,1090.48307884,822.285738574,687.206937877,538.364176121,434.768117523,343.035310949,265.117378839,221.426342853,180.40261318,137.055757573,105.250883886,79.9105254876,61.5936945377,46.933261252,32.4499513785,23.8766582416,21.0590756148,15.2486054126,10.8746652333,7.56171924721,4.68231742321,2.96774488152,1.7174705941,0.98337471959,0.68662154479
0.000117724306768,2080.77696653,1480.0137742,1069.99074301,839.183131131,725.543222051,615.863051796,476.81690462,357.606100286,298.056941389,227.880333698,182.899694477,139.99199687,107.642485535,84.1993740329,58.5397656011,45.9732486498,31.3652077794,22.7472861912,19.7686355749,14.3098548631,9.77164507002,6.55829551055,3.8553159386,2.3998354158,1.47691566739,0.894940916952
0.00016917900122,3021.98218468,1949.1860466,1486.15222266,1202.7789259,939.785686473,967.452749137,664.215076183,489.741355757,386.611913069,305.569613036,230.637423562,180.776132545,135.520031051,105.700511035,74.6956363788,56.0279673651,39.94664142,30.3197005645,26.1172032807,19.4681382753,13.6121674688,8.94555610485,6.17062951826,3.44852887831,2.02094983636,1.20150107732
0.0002431234062,3801.61998759,2626.88055695,2007.27410069,1669.4413995,1447.39790844,1108.02556037,952.504801477,666.694055295,505.595266112,378.586948081,296.472564214,236.327750199,177.397386449,128.838725137,102.974818559,73.2225595256,53.8454128397,38.4214140098,32.3517828928,23.9298294738,17.9761297684,12.2709468301,7.40548247512,5.08808711223,2.91891586602,1.76487703654
0.000349387277475,5093.72033163,3528.21930498,3580.39068431,2244.4981267,1923.29433449,1582.93436883,1195.52125146,909.743978942,656.647360082,491.302630396,371.296215113,281.852771123,215.26389657,162.022567264,122.646046038,93.0152048694,63.9899063703,46.7459802884,35.1770035727,28.964689347,22.4611844722,15.3213644919,10.8047168149,6.74961591272,4.21394567108,2.47752099526
0.000502096739961,6707.9117182,4589.00170775,3584.35047545,3513.82015519,2787.36494301,2153.98231114,1626.09521187,1165.75480859,837.48387109,622.040135211,466.591329312,354.324476269,267.262318527,198.424844285,147.52288268,111.377707879,80.247740209,60.1249205541,43.7310918632,38.0611300669,27.8352920529,20.38361618,14.722148671,9.56705266178,5.88762574381,3.49448409993
0.00072155213579,8792.72695874,5981.52031736,4661.31131659,4119.7244111,4346.71305983,3205.10400963,2198.64313239,1521.23226026,1079.09619872,793.354446764,586.061527234,429.399846469,334.000139366,242.949829351,178.489518457,134.428473149,95.6334562055,72.7394782011,54.5055772474,40.2885671025,34.2578844091,26.1257890344,17.6139818367,12.6677465079,8.27877430265,5.02321758397
0.00103692663829,10910.6040375,7716.83127835,5734.55991438,4865.72259365,4470.81213044,4200.77646155,2979.20912087,1981.71446215,1362.72749871,998.38391552,730.554147742,533.265162728,398.118806527,292.406867462,222.768206346,156.595979704,114.438699964,88.1079380747,65.2932898949,48.3565892687,41.2906593162,31.432382567,22.896415853,16.5996508949,10.8672081833,6.96977414552
0.00149014437053,13741.271816,9480.93801194,7231.40273338,5906.99477137,5206.12067134,4511.36691441,3741.08261881,2460.09212514,1986.39532171,1442.06705253,1075.34405183,778.06176043,545.200647468,388.764164083,261.378147887,190.101058919,137.3440603,102.209175552,77.0327776472,57.5140606293,40.8929805677,37.2556620444,27.7683117853,20.2283054414,14.0507104011,9.26271430272
0.00214145356385,15821.8061565,11496.8446584,8221.95842077,7222.65937943,6275.56264449,5340.09682908,4457.55742153,3115.52031494,2061.96123165,1437.99038213,1087.5485079,817.147003486,579.076198778,470.571171786,337.691749597,233.169599216,162.226120021,126.07913755,88.6182538115,63.0403632244,51.1683270567,42.0106794581,33.2999177201,23.6860086432,18.0384096254,12.3836266224
0.0030774356209,17528.8266621,13243.9793981,10255.911291,8211.32253043,7598.55508781,6392.9763638,5428.76865929,3944.30760067,2554.92571175,1802.53950168,1290.98198429,951.044506461,711.327770398,516.09028558,366.085332907,258.871349137,196.821453249,141.209795579,102.194746378,77.6905456771,59.151881412,47.5662169443,39.5005237832,29.1196366422,22.0422831143,15.3309602611
0.00442251476316,19894.3817722,14878.8863477,11936.168103,9445.78959918,8865.0751591,7932.93113733,6276.47584768,4597.41641641,3133.45710438,2171.32509667,1563.32120634,1162.04873964,873.615559285,856.133415279,447.45305418,307.122066384,235.152735951,163.045650709,117.735148251,96.1121890232,64.5571106482,52.8899965827,44.0400869905,34.0489515088,26.2634938579,18.7227738074
0.00635549829136,21933.6854304,17067.4288143,13553.1301902,11130.2873729,10196.5383088,8989.46546413,7162.54477217,5368.78996202,3586.32774998,2617.67402625,1853.36811339,1363.32931273,1007.4897483,978.195042783,634.604717262,382.781188307,286.307409605,184.161506965,139.398238463,106.061588898,79.5558474629,61.0064374206,46.522202096,41.4215485783,30.573061535,22.8853876618
0.00913334622825,24477.2104922,18459.429637,15678.5616633,13399.8521574,11150.818215,9581.46068288,8140.20106406,6240.14945419,4706.20820232,3501.48972909,2648.93132431,1936.63064629,1408.69162837,1056.28051655,931.598637191,560.299032379,344.132589265,227.541924478,163.903677907,119.053668726,92.7814525781,70.6352850573,54.6380646973,48.9405959906,34.6766844244,26.6176013654
0.0131253301474,28233.596711,20608.988314,16855.4029231,15273.5560895,13140.1995697,10626.2500107,8113.48172451,6745.32694145,5071.9666779,3796.80858199,3032.02675212,2223.62432335,1622.50492212,1206.81166326,1030.16283641,591.942118801,485.264692646,273.446001737,181.334316927,136.506752161,101.994592289,83.0643534277,61.1423588276,52.0362239812,39.6968758719,31.1101096965
0.0188621220713,30110.1621151,22809.9472676,18935.7548965,17123.9842627,14641.9614662,12313.542098,9655.11124256,6883.28029386,4941.73560842,3571.50101127,2778.33052046,2464.2679365,1862.56491271,1359.49352821,1022.27893461,687.942012628,486.217219911,391.103958584,233.239813696,157.113748092,138.938634974,87.1924655829,70.7759331307,51.642055199,47.0900694477,35.4372746422
0.0271063390436,31020.3399682,25479.1769496,22028.0581718,19075.6610423,16179.1002903,13084.8483074,10218.8922262,7715.17552701,5475.93830311,4053.98846966,3014.5151875,2316.42693057,1758.55073803,1337.90793663,1002.07551443,826.207679741,487.387491779,394.570082968,382.174873435,226.681300269,138.462706591,102.523560935,80.6607787863,61.3021366026,51.9190166483,41.3898067503
0.0389539211744,31258.6420039,26862.4893109,23197.4281234,20273.5248268,17438.3857329,13819.3830521,10672.6755572,8028.68745304,5819.54635344,4362.73005309,3240.90455846,2548.05262616,1902.77433493,1449.02625819,1140.93162199,868.558175074,548.466754255,400.921988836,408.535274762,270.443633505,191.413377281,124.814132189,92.9689883982,70.9392373106,59.155207162,47.0472235523
0.0559798197912,30793.6950541,26827.8916012,23786.8952966,20883.4407722,17846.159758,14181.2900927,10959.3368181,8294.72262413,5981.92529369,4576.03699263,3669.05285716,2769.28267282,2098.81276363,1620.94105417,1250.22067999,948.943273032,798.99814486,453.514813236,457.347318927,345.474126806,219.072204301,148.71702921,107.525281184,81.2656333644,63.8743448337,54.4073944536
0.0804473626628,30122.5909422,26429.0705328,23686.572286,20726.1475134,17893.5657296,14600.8830854,11100.3878537,8597.110852,6426.79638382,4824.86670543,3902.897449,3008.73534206,2383.44702634,1814.83757964,1368.6532943,1032.25213143,853.078038559,509.641864939,388.879784286,392.351304147,278.313605773,194.68570854,130.567054324,102.197322558,74.9172773244,62.7046749648
0.115609128138,29136.8752723,25360.4732936,23195.9363393,20310.1880553,17225.0601162,13883.7841032,11208.4366176,8044.37712394,6192.40654399,5445.95714706,4411.42891537,3555.63260509,2921.73401153,2243.67513165,1572.57744379,1177.17897163,869.604930606,584.577102226,427.068557816,435.907209482,345.224970989,246.453857152,169.533622612,120.448112658,87.4760140774,78.863985498
0.166139324727,27574.0677053,23830.7489353,22478.8447328,19525.0993206,16797.1301091,13997.2812715,11180.5912912,9017.6974174,6689.757676,5903.95182429,4844.07706473,3919.77230869,2970.46756153,2216.60572679,1880.53690956,1406.20416121,1043.52687134,846.813466499,514.824309772,379.102663363,368.325497661,285.610117369,211.872435627,157.451245257,112.375127125,99.6220551314
0.238755154246,25780.5888633,22062.0003429,20951.6302434,18071.9650284,15610.5112443,13268.1511371,11149.1052359,8815.1604326,7289.33586037,6564.98818112,5273.77614213,4361.55658058,2976.24561661,2651.74093533,1994.44859655,1525.38563126,1258.13865318,959.020792285,627.968775964,456.992342803,397.85096238,318.389119438,251.528586096,186.248739663,168.261485801,122.421787087
0.343109759068,24114.0191234,20230.0560284,19266.7849539,16416.4467822,14048.6912575,12198.8144628,10379.5338354,8795.14862377,7508.54757012,7051.29998142,5638.73215336,4766.07029704,3757.57921745,3173.08253394,2367.57868952,1795.06464303,1421.2783856,1098.35063096,786.445759885,573.300495539,433.621958012,361.164413687,285.997675593,229.021659664,188.773516974,145.731414115
0.493075456903,22822.1186221,18737.2772335,17762.0444437,14901.2967831,12667.2222814,10914.9296368,9590.6970144,8557.6922775,7809.39641462,7186.55309353,6435.21472418,5592.54706304,4731.83043957,3899.32348618,3001.72456853,2201.98541591,1695.60008669,1311.88832721,1047.04685273,716.270590603,532.078855009,411.935795661,347.905222283,251.021671908,234.350070396,169.400743046
0.708587849149,21838.7999338,17541.6352943,16665.7382215,13712.764467,11364.3638031,9781.61268359,8753.88655192,8113.52341295,7826.20974049,7615.44415853,7222.84132477,6564.7421893,5629.99853666,4602.23272098,3688.98111384,2802.89183249,2153.31452206,1587.87126058,1220.30605236,848.047214727,672.448189961,482.698317813,380.497555642,295.603107436,240.616794272,190.437042987
1.01829594828,20894.5775998,16642.7705821,16022.7425497,12868.9152316,10388.7275246,8812.79225213,7886.82287784,7486.74693474,7532.00795179,7673.91003913,7670.42112784,7312.68203235,6584.00779461,5645.24600451,4622.75280504,3583.33187209,2718.9725774,2010.6957186,1482.5414661,1106.18344518,811.57372977,608.175905478,491.834152966,343.580940375,276.792989157,228.166312002
1.46337061739,19851.4792832,15864.5987262,15940.2328072,12711.8970631,9926.4127028,8173.35155183,7178.85571944,6864.71844484,7097.28353016,7527.77353645,7831.04346884,7886.99356498,7395.1766523,6555.73169856,5502.69862084,4381.04773869,3393.95737302,2545.35425732,1906.55525554,1415.316441,1041.09639199,777.986453983,572.097093113,419.867386388,314.883318622,266.655518054
2.10297759455,18647.5645246,15123.5165312,16391.5220589,13126.912579,9989.44284239,7977.37193411,6912.07490163,6620.21111983,6861.48215959,7468.44032179,8155.95483057,8300.42369932,7929.38126057,7199.19159022,6255.92955011,5187.92733116,4126.45594862,3177.30624817,2422.91865077,1818.35108201,1347.29225133,1001.13771411,735.993714728,543.488487928,410.393470529,311.968309008
3.02214265518,17338.5113532,14321.4252625,17336.2140162,14286.9257728,10704.4339029,8509.55865083,7357.86504264,6931.69780007,7398.9648201,8369.41215195,9286.44329444,9413.19532223,8763.26366738,7879.91701772,6845.74968828,5776.29270793,4716.71794253,3774.45760508,2948.39696562,2277.78665541,1743.88166276,1329.56443165,959.348698557,720.466822031,534.736215082,399.85736618
4.34305446332,16141.8017009,13608.1522905,18693.5142649,16376.3919731,12429.7722394,9897.5460487,8527.69325086,8270.7717066,9106.01735743,10904.2218354,12667.7455096,12642.6940235,11545.01244,9878.50013456,8151.9247114,6619.44740446,5297.90072994,4245.66199145,3403.82814918,2707.69450997,2131.81665931,1660.42931777,1277.62736077,917.751023101,694.606254618,521.83642752
6.2413076494,14778.1723861,12834.8393071,19997.4066416,19078.50765,14740.0060483,11982.3806257,10599.8054822,10610.1473528,12170.5187453,16268.976966,22512.9353308,18533.239663,17162.9247939,14603.1769458,11592.7930464,8750.93961564,6463.85106671,4864.29806488,3827.9434475,3081.53127552,2470.09266452,1967.52008959,1549.42673083,1139.8515795,863.49138154,657.136586816
8.96924537867,13502.8653507,12143.0860157,20533.4856276,20771.3135427,16544.4069433,13781.007297,12547.5202501,13269.0172238,35357.7753023,20373.9709903,24948.1279499,25976.0728229,25319.750068,22762.5840722,18693.8098493,13854.4970331,9472.59463954,6415.85166797,4591.17008706,3484.81414594,2758.24077132,2213.91865873,1724.21136765,1358.58402665,1054.6048659,807.384059159
12.8895044407,12817.0459097,11980.8202536,20270.1107097,20489.3086734,16786.4457006,14516.9614652,49886.1589311,14077.4538221,17484.8137115,23712.8113469,28702.2643604,29920.2116722,30333.4552442,29479.2788644,26778.5714782,21844.3948875,15592.6655071,10158.7304332,6620.96643842,4501.2124853,3245.78048546,2448.18659521,1926.70903825,1536.76869427,1225.13534987,965.322518684
18.5232221567,11932.2174562,9716.9307147,7499.24279852,20351.0790841,17184.6071701,15260.8847319,14253.078697,15326.388268,19192.6916222,25628.5827737,29645.808145,30146.5784491,30620.8042147,30855.6510357,30041.9285539,27117.4121977,21947.3801185,15897.3627775,10691.684268,6919.40676485,4514.94379968,3084.97237317,2257.79289663,1730.3684366,1365.24867238,1094.61291282
26.6193134613,12873.9988747,12463.6121567,18777.8471385,18959.0223961,16510.6794032,14635.89185,14292.3304486,15951.2810492,20247.0608224,26442.3391932,29591.9798294,27448.3217525,27366.8714518,28010.5919013,28321.8421935,27186.9700949,24025.9330358,19649.4160194,15169.1523043,10906.348492,7317.69801515,4743.90949297,3117.73620143,2168.11556997,1595.60940048,1223.73953208
38.2540274663,13503.1674961,12461.4530963,17543.5401756,18132.8896701,15459.7007422,14285.0987179,14282.5176367,16426.5435547,32297.0434726,28759.5770461,24634.1599154,22631.4368653,22180.2980378,22720.5902766,23552.7789955,23612.5996083,22126.1632621,19474.0872287,16538.081878,13489.8087677,10400.7843296,7453.43414175,4990.07837959,3241.53362143,2157.62211905,1518.0638252
54.974018001,16340.879035,13640.7376049,16727.119959,15925.6977911,14343.7309232,35048.0776288,32129.8292435,29223.608056,26234.9909017,22865.2848801,19132.8115176,17382.676232,16663.0935967,17001.6580332,17854.3350899,18375.4708715,17964.2859763,16692.7465631,15083.1727229,13253.083054,11278.4685927,9211.08642832,7095.6246392,5074.89363654,3396.31699895,2219.4564682
79.0019471241,17160.4037191,12855.9784094,11639.324641,31690.4497911,29786.5447273,27567.1696991,25489.5082989,23079.9244266,20321.4565366,17339.1791767,14380.3451114,12689.6996904,11921.3670204,12103.617109,12721.2082761,13297.9042916,13365.7898378,12903.8162308,12199.5371795,11292.5314718,10205.805456,8979.65853897,7656.16688677,6260.08990125,4818.91147581,3438.60569956
113.531953391,17766.0428361,15463.7961428,14025.1482637,25837.2061154,23997.9959185,22129.0211717,20036.4272241,17856.952632,15504.5937722,12871.8350975,10470.3987059,8981.85055166,8305.81490545,8309.38482863,8717.57724974,9192.87553019,9409.17571488,9319.39366256,9089.23010706,8729.23989732,8235.45786767,7613.30796337,6879.33363053,6058.57597266,5173.82608378,4234.74941405
163.154262774,17282.9049015,16288.4819271,17750.792742,21794.6982464,19852.6437576,17841.9783386,16153.8637394,13916.0209336,11671.3657251,9444.40892839,7512.03030916,6277.92508341,5688.67139984,5578.33795627,5823.86450087,6167.39515991,6384.47739171,6434.82979855,6413.3413971,6321.04050772,6148.39921448,5889.42567471,5543.44497044,5116.27620687,4620.18521966,4071.06807137
234.46538764,17319.3709729,16564.3347406,17881.4149406,19338.8967935,17154.2010698,14841.0112374,12660.4993616,10668.5117117,8773.41897688,6883.71847094,5334.92740579,4396.41151744,3842.45815052,3696.35193322,3830.23001564,4057.3058579,4228.3965187,4312.23593578,4362.00001449,4378.34633132,4353.56059267,4280.1377717,4152.14250286,3966.55475698,3724.3220934,3430.80121825
336.945030221,19342.884174,17324.7443676,17024.0236142,15565.6612784,13547.6753158,11577.075552,9917.54995856,8155.19244625,6503.41811452,4960.9017901,3783.75546161,3035.29243438,2578.30592569,2431.80402225,2493.7726432,2636.34748323,2757.60122554,2833.11332839,2893.7184169,2940.31991042,2968.62774716,2973.64783152,2950.13060045,2893.19913359,2799.2407009,2666.87730443
484.21626123,15852.1815915,14287.1352524,13569.3600173,12196.0976621,10541.6240367,8961.88041117,7573.8910606,6175.86029718,4764.82447492,3545.36741799,2696.90990782,2076.98041345,1718.65796112,1588.93874739,1613.0873985,1700.15974367,1781.57900665,1838.7881727,1889.75167542,1935.36584689,1973.65725636,2002.1040688,2017.70617044,2017.06860492,1996.6765316,1953.38655302
695.85649471,12265.0088172,11130.6493321,10132.27995,9101.88871584,7871.89920871,6764.46261069,5622.70201677,4518.97561854,3449.2182484,2535.31738743,1891.43958744,1415.12373328,1141.36290585,1035.42655411,1039.3094917,1090.70309939,1143.35843977,1183.5840345,1221.16928464,1256.91747492,1290.00298664,1319.30674795,1343.41987274,1360.59748773,1368.7904,1365.70563884
1000,10795.0202241,9547.16611022,8637.53673221,7533.78996777,6420.72707535,5360.32305238,4407.02268022,3467.22559256,2624.88455019,1907.91615344,1363.72371156,991.024259398,774.085354714,683.236982357,672.235169534,698.569485209,730.935012475,757.881121544,783.925750046,809.456796064,834.143408164,857.518566131,878.979473023,897.752952981,912.860269231,923.113619653
